{
	"model": {
		"type": "range_dispatch",
		"property": "custom_model_data",
		"fallback": {
			"type": "model",
			"model": "item/stone_hoe"
		},
		"entries": [
		{
			"threshold": 1,
			"model": {
				"type": "model",
				"model": "item/portal_gun_p-boddy"
			}
		},
		{
			"threshold": 2,
			"model": {
				"type": "model",
				"model": "item/portal_gun_p-boddy_aqua"
			}
		},
		{
			"threshold": 3,
			"model": {
				"type": "model",
				"model": "item/portal_gun_p-boddy_purple"
			}
		}
		]
	}
}