{
	"credit": "Made with Blockbench",
	"texture_size": [64, 64],
	"textures": {
		"2": "block/cube_2",
		"3": "block/cube_companion_logo",
		"4": "block/cube_3",
		"particle": "entity/cube_companion_logo"
	},
	"elements": [
		{
			"from": [0, 0, 2],
			"to": [1, 1, 5],
			"faces": {
				"north": {"uv": [0, 0, 0.25, 0.25], "texture": "#2"},
				"east": {"uv": [0, 0, 0.75, 0.25], "texture": "#2"},
				"south": {"uv": [0, 0, 0.25, 0.25], "texture": "#2"},
				"west": {"uv": [0, 0, 0.75, 0.25], "texture": "#2"},
				"up": {"uv": [0, 0, 0.25, 0.75], "texture": "#2"},
				"down": {"uv": [0, 0, 0.25, 0.75], "texture": "#2"}
			}
		},
		{
			"name": "principal",
			"from": [1, 1, 1],
			"to": [15, 15, 15],
			"faces": {
				"north": {"uv": [0, 0, 16, 16], "texture": "#4"},
				"east": {"uv": [0, 0, 16, 16], "texture": "#4"},
				"south": {"uv": [0, 0, 16, 16], "texture": "#4"},
				"west": {"uv": [0, 0, 16, 16], "texture": "#4"},
				"up": {"uv": [0, 0, 16, 16], "texture": "#4"},
				"down": {"uv": [0, 0, 16, 16], "texture": "#4"}
			}
		},
		{
			"from": [0, 0, 0],
			"to": [2, 5, 2],
			"faces": {
				"north": {"uv": [0, 0, 0.5, 1.25], "texture": "#2"},
				"east": {"uv": [0, 0, 0.5, 1.25], "texture": "#2"},
				"south": {"uv": [0, 0, 0.5, 1.25], "texture": "#2"},
				"west": {"uv": [0, 0, 0.5, 1.25], "texture": "#2"},
				"up": {"uv": [0, 0, 0.5, 0.5], "texture": "#2"},
				"down": {"uv": [0, 0, 0.5, 0.5], "texture": "#2"}
			}
		},
		{
			"from": [2, 0, 0],
			"to": [3, 4, 4],
			"faces": {
				"north": {"uv": [0, 0, 0.25, 1], "texture": "#2"},
				"east": {"uv": [0, 0, 1, 1], "texture": "#2"},
				"south": {"uv": [0, 0, 0.25, 1], "texture": "#2"},
				"west": {"uv": [0, 0, 1, 1], "texture": "#2"},
				"up": {"uv": [0, 0, 0.25, 1], "texture": "#2"},
				"down": {"uv": [0, 0, 0.25, 1], "texture": "#2"}
			}
		},
		{
			"from": [3, 0, 0],
			"to": [4, 3, 3],
			"faces": {
				"north": {"uv": [0, 0, 0.25, 0.75], "texture": "#2"},
				"east": {"uv": [0, 0, 0.75, 0.75], "texture": "#2"},
				"south": {"uv": [0, 0, 0.25, 0.75], "texture": "#2"},
				"west": {"uv": [0, 0, 0.75, 0.75], "texture": "#2"},
				"up": {"uv": [0, 0, 0.25, 0.75], "texture": "#2"},
				"down": {"uv": [0, 0, 0.25, 0.75], "texture": "#2"}
			}
		},
		{
			"from": [4, 0, 0],
			"to": [5, 2, 2],
			"faces": {
				"north": {"uv": [0, 0, 0.25, 0.5], "texture": "#2"},
				"east": {"uv": [0, 0, 0.5, 0.5], "texture": "#2"},
				"south": {"uv": [0, 0, 0.25, 0.5], "texture": "#2"},
				"west": {"uv": [0, 0, 0.5, 0.5], "texture": "#2"},
				"up": {"uv": [0, 0, 0.25, 0.5], "texture": "#2"},
				"down": {"uv": [0, 0, 0.25, 0.5], "texture": "#2"}
			}
		},
		{
			"from": [1, 0, 2],
			"to": [2, 1, 5],
			"faces": {
				"north": {"uv": [0, 0, 0.25, 0.25], "texture": "#2"},
				"east": {"uv": [0, 0, 0.75, 0.25], "texture": "#2"},
				"south": {"uv": [0, 0, 0.25, 0.25], "texture": "#2"},
				"west": {"uv": [0, 0, 0.75, 0.25], "texture": "#2"},
				"up": {"uv": [0, 0, 0.25, 0.75], "texture": "#2"},
				"down": {"uv": [0, 0, 0.25, 0.75], "texture": "#2"}
			}
		},
		{
			"from": [0, 1, 2],
			"to": [1, 4, 3],
			"faces": {
				"north": {"uv": [0, 0, 0.25, 0.75], "texture": "#2"},
				"east": {"uv": [0, 0, 0.25, 0.75], "texture": "#2"},
				"south": {"uv": [0, 0, 0.25, 0.75], "texture": "#2"},
				"west": {"uv": [0, 0, 0.25, 0.75], "texture": "#2"},
				"up": {"uv": [0, 0, 0.25, 0.25], "texture": "#2"},
				"down": {"uv": [0, 0, 0.25, 0.25], "texture": "#2"}
			}
		},
		{
			"from": [0, 1, 3],
			"to": [1, 3, 4],
			"faces": {
				"north": {"uv": [0, 0, 0.25, 0.5], "texture": "#2"},
				"east": {"uv": [0, 0, 0.25, 0.5], "texture": "#2"},
				"south": {"uv": [0, 0, 0.25, 0.5], "texture": "#2"},
				"west": {"uv": [0, 0, 0.25, 0.5], "texture": "#2"},
				"up": {"uv": [0, 0, 0.25, 0.25], "texture": "#2"},
				"down": {"uv": [0, 0, 0.25, 0.25], "texture": "#2"}
			}
		},
		{
			"from": [0, 1, 4],
			"to": [1, 2, 5],
			"faces": {
				"north": {"uv": [0, 0, 0.25, 0.25], "texture": "#2"},
				"east": {"uv": [0, 0, 0.25, 0.25], "texture": "#2"},
				"south": {"uv": [0, 0, 0.25, 0.25], "texture": "#2"},
				"west": {"uv": [0, 0, 0.25, 0.25], "texture": "#2"},
				"up": {"uv": [0, 0, 0.25, 0.25], "texture": "#2"},
				"down": {"uv": [0, 0, 0.25, 0.25], "texture": "#2"}
			}
		},
		{
			"from": [0, 11, 0],
			"to": [1, 16, 2],
			"faces": {
				"north": {"uv": [0, 0, 0.25, 1.25], "texture": "#2"},
				"east": {"uv": [0, 0, 0.5, 1.25], "texture": "#2"},
				"south": {"uv": [0, 0, 0.25, 1.25], "texture": "#2"},
				"west": {"uv": [0, 0, 0.5, 1.25], "texture": "#2"},
				"up": {"uv": [0, 0, 0.25, 0.5], "texture": "#2"},
				"down": {"uv": [0, 0, 0.25, 0.5], "texture": "#2"}
			}
		},
		{
			"from": [1, 11, 0],
			"to": [2, 16, 1],
			"faces": {
				"north": {"uv": [0, 0, 0.25, 1.25], "texture": "#2"},
				"east": {"uv": [0, 0, 0.25, 1.25], "texture": "#2"},
				"south": {"uv": [0, 0, 0.25, 1.25], "texture": "#2"},
				"west": {"uv": [0, 0, 0.25, 1.25], "texture": "#2"},
				"up": {"uv": [0, 0, 0.25, 0.25], "texture": "#2"},
				"down": {"uv": [0, 0, 0.25, 0.25], "texture": "#2"}
			}
		},
		{
			"from": [2, 12, 0],
			"to": [3, 16, 4],
			"faces": {
				"north": {"uv": [0, 0, 0.25, 1], "texture": "#2"},
				"east": {"uv": [0, 0, 1, 1], "texture": "#2"},
				"south": {"uv": [0, 0, 0.25, 1], "texture": "#2"},
				"west": {"uv": [0, 0, 1, 1], "texture": "#2"},
				"up": {"uv": [0, 0, 0.25, 1], "texture": "#2"},
				"down": {"uv": [0, 0, 0.25, 1], "texture": "#2"}
			}
		},
		{
			"from": [3, 13, 0],
			"to": [4, 16, 3],
			"faces": {
				"north": {"uv": [0, 0, 0.25, 0.75], "texture": "#2"},
				"east": {"uv": [0, 0, 0.75, 0.75], "texture": "#2"},
				"south": {"uv": [0, 0, 0.25, 0.75], "texture": "#2"},
				"west": {"uv": [0, 0, 0.75, 0.75], "texture": "#2"},
				"up": {"uv": [0, 0, 0.25, 0.75], "texture": "#2"},
				"down": {"uv": [0, 0, 0.25, 0.75], "texture": "#2"}
			}
		},
		{
			"from": [4, 14, 0],
			"to": [5, 16, 2],
			"faces": {
				"north": {"uv": [0, 0, 0.25, 0.5], "texture": "#2"},
				"east": {"uv": [0, 0, 0.5, 0.5], "texture": "#2"},
				"south": {"uv": [0, 0, 0.25, 0.5], "texture": "#2"},
				"west": {"uv": [0, 0, 0.5, 0.5], "texture": "#2"},
				"up": {"uv": [0, 0, 0.25, 0.5], "texture": "#2"},
				"down": {"uv": [0, 0, 0.25, 0.5], "texture": "#2"}
			}
		},
		{
			"from": [1, 15, 1],
			"to": [2, 16, 5],
			"faces": {
				"north": {"uv": [0, 0, 0.25, 0.25], "texture": "#2"},
				"east": {"uv": [0, 0, 1, 0.25], "texture": "#2"},
				"south": {"uv": [0, 0, 0.25, 0.25], "texture": "#2"},
				"west": {"uv": [0, 0, 1, 0.25], "texture": "#2"},
				"up": {"uv": [0, 0, 0.25, 1], "texture": "#2"},
				"down": {"uv": [0, 0, 0.25, 1], "texture": "#2"}
			}
		},
		{
			"from": [0, 15, 2],
			"to": [1, 16, 5],
			"faces": {
				"north": {"uv": [0, 0, 0.25, 0.25], "texture": "#2"},
				"east": {"uv": [0, 0, 0.75, 0.25], "texture": "#2"},
				"south": {"uv": [0, 0, 0.25, 0.25], "texture": "#2"},
				"west": {"uv": [0, 0, 0.75, 0.25], "texture": "#2"},
				"up": {"uv": [0, 0, 0.25, 0.75], "texture": "#2"},
				"down": {"uv": [0, 0, 0.25, 0.75], "texture": "#2"}
			}
		},
		{
			"from": [0, 14, 2],
			"to": [1, 15, 5],
			"faces": {
				"north": {"uv": [0, 0, 0.25, 0.25], "texture": "#2"},
				"east": {"uv": [0, 0, 0.75, 0.25], "texture": "#2"},
				"south": {"uv": [0, 0, 0.25, 0.25], "texture": "#2"},
				"west": {"uv": [0, 0, 0.75, 0.25], "texture": "#2"},
				"up": {"uv": [0, 0, 0.25, 0.75], "texture": "#2"},
				"down": {"uv": [0, 0, 0.25, 0.75], "texture": "#2"}
			}
		},
		{
			"from": [0, 13, 2],
			"to": [1, 14, 4],
			"faces": {
				"north": {"uv": [0, 0, 0.25, 0.25], "texture": "#2"},
				"east": {"uv": [0, 0, 0.5, 0.25], "texture": "#2"},
				"south": {"uv": [0, 0, 0.25, 0.25], "texture": "#2"},
				"west": {"uv": [0, 0, 0.5, 0.25], "texture": "#2"},
				"up": {"uv": [0, 0, 0.25, 0.5], "texture": "#2"},
				"down": {"uv": [0, 0, 0.25, 0.5], "texture": "#2"}
			}
		},
		{
			"from": [0, 12, 2],
			"to": [1, 13, 3],
			"faces": {
				"north": {"uv": [0, 0, 0.25, 0.25], "texture": "#2"},
				"east": {"uv": [0, 0, 0.25, 0.25], "texture": "#2"},
				"south": {"uv": [0, 0, 0.25, 0.25], "texture": "#2"},
				"west": {"uv": [0, 0, 0.25, 0.25], "texture": "#2"},
				"up": {"uv": [0, 0, 0.25, 0.25], "texture": "#2"},
				"down": {"uv": [0, 0, 0.25, 0.25], "texture": "#2"}
			}
		},
		{
			"from": [0, 6, 0],
			"to": [2, 10, 2],
			"faces": {
				"north": {"uv": [0, 0, 0.5, 1], "texture": "#2"},
				"east": {"uv": [0, 0, 0.5, 1], "texture": "#2"},
				"south": {"uv": [0, 0, 0.5, 1], "texture": "#2"},
				"west": {"uv": [0, 0, 0.5, 1], "texture": "#2"},
				"up": {"uv": [0, 0, 0.5, 0.5], "texture": "#2"},
				"down": {"uv": [0, 0, 0.5, 0.5], "texture": "#2"}
			}
		},
		{
			"from": [0, 6, 14],
			"to": [2, 10, 16],
			"faces": {
				"north": {"uv": [0, 0, 0.5, 1], "texture": "#2"},
				"east": {"uv": [0, 0, 0.5, 1], "texture": "#2"},
				"south": {"uv": [0, 0, 0.5, 1], "texture": "#2"},
				"west": {"uv": [0, 0, 0.5, 1], "texture": "#2"},
				"up": {"uv": [0, 0, 0.5, 0.5], "texture": "#2"},
				"down": {"uv": [0, 0, 0.5, 0.5], "texture": "#2"}
			}
		},
		{
			"from": [14, 6, 14],
			"to": [16, 10, 16],
			"faces": {
				"north": {"uv": [0, 0, 0.5, 1], "texture": "#2"},
				"east": {"uv": [0, 0, 0.5, 1], "texture": "#2"},
				"south": {"uv": [0, 0, 0.5, 1], "texture": "#2"},
				"west": {"uv": [0, 0, 0.5, 1], "texture": "#2"},
				"up": {"uv": [0, 0, 0.5, 0.5], "texture": "#2"},
				"down": {"uv": [0, 0, 0.5, 0.5], "texture": "#2"}
			}
		},
		{
			"from": [14, 6, 0],
			"to": [16, 10, 2],
			"faces": {
				"north": {"uv": [0, 0, 0.5, 1], "texture": "#2"},
				"east": {"uv": [0, 0, 0.5, 1], "texture": "#2"},
				"south": {"uv": [0, 0, 0.5, 1], "texture": "#2"},
				"west": {"uv": [0, 0, 0.5, 1], "texture": "#2"},
				"up": {"uv": [0, 0, 0.5, 0.5], "texture": "#2"},
				"down": {"uv": [0, 0, 0.5, 0.5], "texture": "#2"}
			}
		},
		{
			"from": [6, 0, 0],
			"to": [10, 2, 2],
			"faces": {
				"north": {"uv": [0, 0, 1, 0.5], "texture": "#2"},
				"east": {"uv": [0, 0, 0.5, 0.5], "texture": "#2"},
				"south": {"uv": [0, 0, 1, 0.5], "texture": "#2"},
				"west": {"uv": [0, 0, 0.5, 0.5], "texture": "#2"},
				"up": {"uv": [0, 0, 1, 0.5], "texture": "#2"},
				"down": {"uv": [0, 0, 1, 0.5], "texture": "#2"}
			}
		},
		{
			"from": [6, 14, 0],
			"to": [10, 16, 2],
			"faces": {
				"north": {"uv": [0, 0, 1, 0.5], "texture": "#2"},
				"east": {"uv": [0, 0, 0.5, 0.5], "texture": "#2"},
				"south": {"uv": [0, 0, 1, 0.5], "texture": "#2"},
				"west": {"uv": [0, 0, 0.5, 0.5], "texture": "#2"},
				"up": {"uv": [0, 0, 1, 0.5], "texture": "#2"},
				"down": {"uv": [0, 0, 1, 0.5], "texture": "#2"}
			}
		},
		{
			"from": [6, 14, 14],
			"to": [10, 16, 16],
			"faces": {
				"north": {"uv": [0, 0, 1, 0.5], "texture": "#2"},
				"east": {"uv": [0, 0, 0.5, 0.5], "texture": "#2"},
				"south": {"uv": [0, 0, 1, 0.5], "texture": "#2"},
				"west": {"uv": [0, 0, 0.5, 0.5], "texture": "#2"},
				"up": {"uv": [0, 0, 1, 0.5], "texture": "#2"},
				"down": {"uv": [0, 0, 1, 0.5], "texture": "#2"}
			}
		},
		{
			"from": [6, 0, 14],
			"to": [10, 2, 16],
			"faces": {
				"north": {"uv": [0, 0, 1, 0.5], "texture": "#2"},
				"east": {"uv": [0, 0, 0.5, 0.5], "texture": "#2"},
				"south": {"uv": [0, 0, 1, 0.5], "texture": "#2"},
				"west": {"uv": [0, 0, 0.5, 0.5], "texture": "#2"},
				"up": {"uv": [0, 0, 1, 0.5], "texture": "#2"},
				"down": {"uv": [0, 0, 1, 0.5], "texture": "#2"}
			}
		},
		{
			"from": [0, 0, 6],
			"to": [2, 2, 10],
			"faces": {
				"north": {"uv": [0, 0, 0.5, 0.5], "texture": "#2"},
				"east": {"uv": [0, 0, 1, 0.5], "texture": "#2"},
				"south": {"uv": [0, 0, 0.5, 0.5], "texture": "#2"},
				"west": {"uv": [0, 0, 1, 0.5], "texture": "#2"},
				"up": {"uv": [0, 0, 0.5, 1], "texture": "#2"},
				"down": {"uv": [0, 0, 0.5, 1], "texture": "#2"}
			}
		},
		{
			"from": [0, 14, 6],
			"to": [2, 16, 10],
			"faces": {
				"north": {"uv": [0, 0, 0.5, 0.5], "texture": "#2"},
				"east": {"uv": [0, 0, 1, 0.5], "texture": "#2"},
				"south": {"uv": [0, 0, 0.5, 0.5], "texture": "#2"},
				"west": {"uv": [0, 0, 1, 0.5], "texture": "#2"},
				"up": {"uv": [0, 0, 0.5, 1], "texture": "#2"},
				"down": {"uv": [0, 0, 0.5, 1], "texture": "#2"}
			}
		},
		{
			"from": [14, 14, 6],
			"to": [16, 16, 10],
			"faces": {
				"north": {"uv": [0, 0, 0.5, 0.5], "texture": "#2"},
				"east": {"uv": [0, 0, 1, 0.5], "texture": "#2"},
				"south": {"uv": [0, 0, 0.5, 0.5], "texture": "#2"},
				"west": {"uv": [0, 0, 1, 0.5], "texture": "#2"},
				"up": {"uv": [0, 0, 0.5, 1], "texture": "#2"},
				"down": {"uv": [0, 0, 0.5, 1], "texture": "#2"}
			}
		},
		{
			"from": [14, 0, 6],
			"to": [16, 2, 10],
			"faces": {
				"north": {"uv": [0, 0, 0.5, 0.5], "texture": "#2"},
				"east": {"uv": [0, 0, 1, 0.5], "texture": "#2"},
				"south": {"uv": [0, 0, 0.5, 0.5], "texture": "#2"},
				"west": {"uv": [0, 0, 1, 0.5], "texture": "#2"},
				"up": {"uv": [0, 0, 0.5, 1], "texture": "#2"},
				"down": {"uv": [0, 0, 0.5, 1], "texture": "#2"}
			}
		},
		{
			"from": [14, 0, 0],
			"to": [16, 5, 2],
			"faces": {
				"north": {"uv": [0, 0, 0.5, 1.25], "texture": "#2"},
				"east": {"uv": [0, 0, 0.5, 1.25], "texture": "#2"},
				"south": {"uv": [0, 0, 0.5, 1.25], "texture": "#2"},
				"west": {"uv": [0, 0, 0.5, 1.25], "texture": "#2"},
				"up": {"uv": [0, 0, 0.5, 0.5], "texture": "#2"},
				"down": {"uv": [0, 0, 0.5, 0.5], "texture": "#2"}
			}
		},
		{
			"from": [11, 0, 0],
			"to": [14, 2, 2],
			"faces": {
				"north": {"uv": [0, 0, 0.75, 0.5], "texture": "#2"},
				"east": {"uv": [0, 0, 0.5, 0.5], "texture": "#2"},
				"south": {"uv": [0, 0, 0.75, 0.5], "texture": "#2"},
				"west": {"uv": [0, 0, 0.5, 0.5], "texture": "#2"},
				"up": {"uv": [0, 0, 0.75, 0.5], "texture": "#2"},
				"down": {"uv": [0, 0, 0.75, 0.5], "texture": "#2"}
			}
		},
		{
			"from": [14, 0, 2],
			"to": [16, 2, 5],
			"faces": {
				"north": {"uv": [0, 0, 0.5, 0.5], "texture": "#2"},
				"east": {"uv": [0, 0, 0.75, 0.5], "texture": "#2"},
				"south": {"uv": [0, 0, 0.5, 0.5], "texture": "#2"},
				"west": {"uv": [0, 0, 0.75, 0.5], "texture": "#2"},
				"up": {"uv": [0, 0, 0.5, 0.75], "texture": "#2"},
				"down": {"uv": [0, 0, 0.5, 0.75], "texture": "#2"}
			}
		},
		{
			"from": [13, 2, 0],
			"to": [14, 4, 1],
			"faces": {
				"north": {"uv": [0, 0, 0.25, 0.5], "texture": "#2"},
				"east": {"uv": [0, 0, 0.25, 0.5], "texture": "#2"},
				"south": {"uv": [0, 0, 0.25, 0.5], "texture": "#2"},
				"west": {"uv": [0, 0, 0.25, 0.5], "texture": "#2"},
				"up": {"uv": [0, 0, 0.25, 0.25], "texture": "#2"},
				"down": {"uv": [0, 0, 0.25, 0.25], "texture": "#2"}
			}
		},
		{
			"from": [12, 2, 0],
			"to": [13, 3, 1],
			"faces": {
				"north": {"uv": [0, 0, 0.25, 0.25], "texture": "#2"},
				"east": {"uv": [0, 0, 0.25, 0.25], "texture": "#2"},
				"south": {"uv": [0, 0, 0.25, 0.25], "texture": "#2"},
				"west": {"uv": [0, 0, 0.25, 0.25], "texture": "#2"},
				"up": {"uv": [0, 0, 0.25, 0.25], "texture": "#2"},
				"down": {"uv": [0, 0, 0.25, 0.25], "texture": "#2"}
			}
		},
		{
			"from": [13, 0, 2],
			"to": [14, 1, 4],
			"faces": {
				"north": {"uv": [0, 0, 0.25, 0.25], "texture": "#2"},
				"east": {"uv": [0, 0, 0.5, 0.25], "texture": "#2"},
				"south": {"uv": [0, 0, 0.25, 0.25], "texture": "#2"},
				"west": {"uv": [0, 0, 0.5, 0.25], "texture": "#2"},
				"up": {"uv": [0, 0, 0.25, 0.5], "texture": "#2"},
				"down": {"uv": [0, 0, 0.25, 0.5], "texture": "#2"}
			}
		},
		{
			"from": [12, 0, 2],
			"to": [13, 1, 3],
			"faces": {
				"north": {"uv": [0, 0, 0.25, 0.25], "texture": "#2"},
				"east": {"uv": [0, 0, 0.25, 0.25], "texture": "#2"},
				"south": {"uv": [0, 0, 0.25, 0.25], "texture": "#2"},
				"west": {"uv": [0, 0, 0.25, 0.25], "texture": "#2"},
				"up": {"uv": [0, 0, 0.25, 0.25], "texture": "#2"},
				"down": {"uv": [0, 0, 0.25, 0.25], "texture": "#2"}
			}
		},
		{
			"from": [15, 2, 2],
			"to": [16, 4, 3],
			"faces": {
				"north": {"uv": [0, 0, 0.25, 0.5], "texture": "#2"},
				"east": {"uv": [0, 0, 0.25, 0.5], "texture": "#2"},
				"south": {"uv": [0, 0, 0.25, 0.5], "texture": "#2"},
				"west": {"uv": [0, 0, 0.25, 0.5], "texture": "#2"},
				"up": {"uv": [0, 0, 0.25, 0.25], "texture": "#2"},
				"down": {"uv": [0, 0, 0.25, 0.25], "texture": "#2"}
			}
		},
		{
			"from": [15, 2, 3],
			"to": [16, 3, 4],
			"faces": {
				"north": {"uv": [0, 0, 0.25, 0.25], "texture": "#2"},
				"east": {"uv": [0, 0, 0.25, 0.25], "texture": "#2"},
				"south": {"uv": [0, 0, 0.25, 0.25], "texture": "#2"},
				"west": {"uv": [0, 0, 0.25, 0.25], "texture": "#2"},
				"up": {"uv": [0, 0, 0.25, 0.25], "texture": "#2"},
				"down": {"uv": [0, 0, 0.25, 0.25], "texture": "#2"}
			}
		},
		{
			"from": [14, 0, 14],
			"to": [16, 5, 16],
			"faces": {
				"north": {"uv": [0, 0, 0.5, 1.25], "texture": "#2"},
				"east": {"uv": [0, 0, 0.5, 1.25], "texture": "#2"},
				"south": {"uv": [0, 0, 0.5, 1.25], "texture": "#2"},
				"west": {"uv": [0, 0, 0.5, 1.25], "texture": "#2"},
				"up": {"uv": [0, 0, 0.5, 0.5], "texture": "#2"},
				"down": {"uv": [0, 0, 0.5, 0.5], "texture": "#2"}
			}
		},
		{
			"from": [15, 2, 13],
			"to": [16, 4, 14],
			"faces": {
				"north": {"uv": [0, 0, 0.25, 0.5], "texture": "#2"},
				"east": {"uv": [0, 0, 0.25, 0.5], "texture": "#2"},
				"south": {"uv": [0, 0, 0.25, 0.5], "texture": "#2"},
				"west": {"uv": [0, 0, 0.25, 0.5], "texture": "#2"},
				"up": {"uv": [0, 0, 0.25, 0.25], "texture": "#2"},
				"down": {"uv": [0, 0, 0.25, 0.25], "texture": "#2"}
			}
		},
		{
			"from": [15, 2, 12],
			"to": [16, 3, 13],
			"faces": {
				"north": {"uv": [0, 0, 0.25, 0.25], "texture": "#2"},
				"east": {"uv": [0, 0, 0.25, 0.25], "texture": "#2"},
				"south": {"uv": [0, 0, 0.25, 0.25], "texture": "#2"},
				"west": {"uv": [0, 0, 0.25, 0.25], "texture": "#2"},
				"up": {"uv": [0, 0, 0.25, 0.25], "texture": "#2"},
				"down": {"uv": [0, 0, 0.25, 0.25], "texture": "#2"}
			}
		},
		{
			"from": [13, 0, 12],
			"to": [14, 1, 14],
			"faces": {
				"north": {"uv": [0, 0, 0.25, 0.25], "texture": "#2"},
				"east": {"uv": [0, 0, 0.5, 0.25], "texture": "#2"},
				"south": {"uv": [0, 0, 0.25, 0.25], "texture": "#2"},
				"west": {"uv": [0, 0, 0.5, 0.25], "texture": "#2"},
				"up": {"uv": [0, 0, 0.25, 0.5], "texture": "#2"},
				"down": {"uv": [0, 0, 0.25, 0.5], "texture": "#2"}
			}
		},
		{
			"from": [12, 0, 13],
			"to": [13, 1, 14],
			"faces": {
				"north": {"uv": [0, 0, 0.25, 0.25], "texture": "#2"},
				"east": {"uv": [0, 0, 0.25, 0.25], "texture": "#2"},
				"south": {"uv": [0, 0, 0.25, 0.25], "texture": "#2"},
				"west": {"uv": [0, 0, 0.25, 0.25], "texture": "#2"},
				"up": {"uv": [0, 0, 0.25, 0.25], "texture": "#2"},
				"down": {"uv": [0, 0, 0.25, 0.25], "texture": "#2"}
			}
		},
		{
			"from": [12, 2, 15],
			"to": [13, 3, 16],
			"faces": {
				"north": {"uv": [0, 0, 0.25, 0.25], "texture": "#2"},
				"east": {"uv": [0, 0, 0.25, 0.25], "texture": "#2"},
				"south": {"uv": [0, 0, 0.25, 0.25], "texture": "#2"},
				"west": {"uv": [0, 0, 0.25, 0.25], "texture": "#2"},
				"up": {"uv": [0, 0, 0.25, 0.25], "texture": "#2"},
				"down": {"uv": [0, 0, 0.25, 0.25], "texture": "#2"}
			}
		},
		{
			"from": [13, 2, 15],
			"to": [14, 4, 16],
			"faces": {
				"north": {"uv": [0, 0, 0.25, 0.5], "texture": "#2"},
				"east": {"uv": [0, 0, 0.25, 0.5], "texture": "#2"},
				"south": {"uv": [0, 0, 0.25, 0.5], "texture": "#2"},
				"west": {"uv": [0, 0, 0.25, 0.5], "texture": "#2"},
				"up": {"uv": [0, 0, 0.25, 0.25], "texture": "#2"},
				"down": {"uv": [0, 0, 0.25, 0.25], "texture": "#2"}
			}
		},
		{
			"from": [14, 0, 11],
			"to": [16, 2, 14],
			"faces": {
				"north": {"uv": [0, 0, 0.5, 0.5], "texture": "#2"},
				"east": {"uv": [0, 0, 0.75, 0.5], "texture": "#2"},
				"south": {"uv": [0, 0, 0.5, 0.5], "texture": "#2"},
				"west": {"uv": [0, 0, 0.75, 0.5], "texture": "#2"},
				"up": {"uv": [0, 0, 0.5, 0.75], "texture": "#2"},
				"down": {"uv": [0, 0, 0.5, 0.75], "texture": "#2"}
			}
		},
		{
			"from": [11, 0, 14],
			"to": [14, 2, 16],
			"faces": {
				"north": {"uv": [0, 0, 0.75, 0.5], "texture": "#2"},
				"east": {"uv": [0, 0, 0.5, 0.5], "texture": "#2"},
				"south": {"uv": [0, 0, 0.75, 0.5], "texture": "#2"},
				"west": {"uv": [0, 0, 0.5, 0.5], "texture": "#2"},
				"up": {"uv": [0, 0, 0.75, 0.5], "texture": "#2"},
				"down": {"uv": [0, 0, 0.75, 0.5], "texture": "#2"}
			}
		},
		{
			"from": [0, 0, 14],
			"to": [2, 5, 16],
			"faces": {
				"north": {"uv": [0, 0, 0.5, 1.25], "texture": "#2"},
				"east": {"uv": [0, 0, 0.5, 1.25], "texture": "#2"},
				"south": {"uv": [0, 0, 0.5, 1.25], "texture": "#2"},
				"west": {"uv": [0, 0, 0.5, 1.25], "texture": "#2"},
				"up": {"uv": [0, 0, 0.5, 0.5], "texture": "#2"},
				"down": {"uv": [0, 0, 0.5, 0.5], "texture": "#2"}
			}
		},
		{
			"from": [2, 0, 14],
			"to": [5, 2, 16],
			"faces": {
				"north": {"uv": [0, 0, 0.75, 0.5], "texture": "#2"},
				"east": {"uv": [0, 0, 0.5, 0.5], "texture": "#2"},
				"south": {"uv": [0, 0, 0.75, 0.5], "texture": "#2"},
				"west": {"uv": [0, 0, 0.5, 0.5], "texture": "#2"},
				"up": {"uv": [0, 0, 0.75, 0.5], "texture": "#2"},
				"down": {"uv": [0, 0, 0.75, 0.5], "texture": "#2"}
			}
		},
		{
			"from": [0, 0, 11],
			"to": [2, 2, 14],
			"faces": {
				"north": {"uv": [0, 0, 0.5, 0.5], "texture": "#2"},
				"east": {"uv": [0, 0, 0.75, 0.5], "texture": "#2"},
				"south": {"uv": [0, 0, 0.5, 0.5], "texture": "#2"},
				"west": {"uv": [0, 0, 0.75, 0.5], "texture": "#2"},
				"up": {"uv": [0, 0, 0.5, 0.75], "texture": "#2"},
				"down": {"uv": [0, 0, 0.5, 0.75], "texture": "#2"}
			}
		},
		{
			"from": [0, 2, 13],
			"to": [2, 4, 14],
			"faces": {
				"north": {"uv": [0, 0, 0.5, 0.5], "texture": "#2"},
				"east": {"uv": [0, 0, 0.25, 0.5], "texture": "#2"},
				"south": {"uv": [0, 0, 0.5, 0.5], "texture": "#2"},
				"west": {"uv": [0, 0, 0.25, 0.5], "texture": "#2"},
				"up": {"uv": [0, 0, 0.5, 0.25], "texture": "#2"},
				"down": {"uv": [0, 0, 0.5, 0.25], "texture": "#2"}
			}
		},
		{
			"from": [0, 2, 12],
			"to": [2, 3, 13],
			"faces": {
				"north": {"uv": [0, 0, 0.5, 0.25], "texture": "#2"},
				"east": {"uv": [0, 0, 0.25, 0.25], "texture": "#2"},
				"south": {"uv": [0, 0, 0.5, 0.25], "texture": "#2"},
				"west": {"uv": [0, 0, 0.25, 0.25], "texture": "#2"},
				"up": {"uv": [0, 0, 0.5, 0.25], "texture": "#2"},
				"down": {"uv": [0, 0, 0.5, 0.25], "texture": "#2"}
			}
		},
		{
			"from": [2, 2, 15],
			"to": [3, 4, 16],
			"faces": {
				"north": {"uv": [0, 0, 0.25, 0.5], "texture": "#2"},
				"east": {"uv": [0, 0, 0.25, 0.5], "texture": "#2"},
				"south": {"uv": [0, 0, 0.25, 0.5], "texture": "#2"},
				"west": {"uv": [0, 0, 0.25, 0.5], "texture": "#2"},
				"up": {"uv": [0, 0, 0.25, 0.25], "texture": "#2"},
				"down": {"uv": [0, 0, 0.25, 0.25], "texture": "#2"}
			}
		},
		{
			"from": [3, 2, 15],
			"to": [4, 3, 16],
			"faces": {
				"north": {"uv": [0, 0, 0.25, 0.25], "texture": "#2"},
				"east": {"uv": [0, 0, 0.25, 0.25], "texture": "#2"},
				"south": {"uv": [0, 0, 0.25, 0.25], "texture": "#2"},
				"west": {"uv": [0, 0, 0.25, 0.25], "texture": "#2"},
				"up": {"uv": [0, 0, 0.25, 0.25], "texture": "#2"},
				"down": {"uv": [0, 0, 0.25, 0.25], "texture": "#2"}
			}
		},
		{
			"from": [2, 0, 13],
			"to": [4, 1, 14],
			"faces": {
				"north": {"uv": [0, 0, 0.5, 0.25], "texture": "#2"},
				"east": {"uv": [0, 0, 0.25, 0.25], "texture": "#2"},
				"south": {"uv": [0, 0, 0.5, 0.25], "texture": "#2"},
				"west": {"uv": [0, 0, 0.25, 0.25], "texture": "#2"},
				"up": {"uv": [0, 0, 0.5, 0.25], "texture": "#2"},
				"down": {"uv": [0, 0, 0.5, 0.25], "texture": "#2"}
			}
		},
		{
			"from": [2, 0, 12],
			"to": [3, 1, 13],
			"faces": {
				"north": {"uv": [0, 0, 0.25, 0.25], "texture": "#2"},
				"east": {"uv": [0, 0, 0.25, 0.25], "texture": "#2"},
				"south": {"uv": [0, 0, 0.25, 0.25], "texture": "#2"},
				"west": {"uv": [0, 0, 0.25, 0.25], "texture": "#2"},
				"up": {"uv": [0, 0, 0.25, 0.25], "texture": "#2"},
				"down": {"uv": [0, 0, 0.25, 0.25], "texture": "#2"}
			}
		},
		{
			"from": [0, 11, 14],
			"to": [2, 16, 16],
			"faces": {
				"north": {"uv": [0, 0, 0.5, 1.25], "texture": "#2"},
				"east": {"uv": [0, 0, 0.5, 1.25], "texture": "#2"},
				"south": {"uv": [0, 0, 0.5, 1.25], "texture": "#2"},
				"west": {"uv": [0, 0, 0.5, 1.25], "texture": "#2"},
				"up": {"uv": [0, 0, 0.5, 0.5], "texture": "#2"},
				"down": {"uv": [0, 0, 0.5, 0.5], "texture": "#2"}
			}
		},
		{
			"from": [0, 14, 11],
			"to": [2, 16, 14],
			"faces": {
				"north": {"uv": [0, 0, 0.5, 0.5], "texture": "#2"},
				"east": {"uv": [0, 0, 0.75, 0.5], "texture": "#2"},
				"south": {"uv": [0, 0, 0.5, 0.5], "texture": "#2"},
				"west": {"uv": [0, 0, 0.75, 0.5], "texture": "#2"},
				"up": {"uv": [0, 0, 0.5, 0.75], "texture": "#2"},
				"down": {"uv": [0, 0, 0.5, 0.75], "texture": "#2"}
			}
		},
		{
			"from": [2, 14, 14],
			"to": [5, 16, 16],
			"faces": {
				"north": {"uv": [0, 0, 0.75, 0.5], "texture": "#2"},
				"east": {"uv": [0, 0, 0.5, 0.5], "texture": "#2"},
				"south": {"uv": [0, 0, 0.75, 0.5], "texture": "#2"},
				"west": {"uv": [0, 0, 0.5, 0.5], "texture": "#2"},
				"up": {"uv": [0, 0, 0.75, 0.5], "texture": "#2"},
				"down": {"uv": [0, 0, 0.75, 0.5], "texture": "#2"}
			}
		},
		{
			"from": [2, 15, 13],
			"to": [4, 16, 14],
			"faces": {
				"north": {"uv": [0, 0, 0.5, 0.25], "texture": "#2"},
				"east": {"uv": [0, 0, 0.25, 0.25], "texture": "#2"},
				"south": {"uv": [0, 0, 0.5, 0.25], "texture": "#2"},
				"west": {"uv": [0, 0, 0.25, 0.25], "texture": "#2"},
				"up": {"uv": [0, 0, 0.5, 0.25], "texture": "#2"},
				"down": {"uv": [0, 0, 0.5, 0.25], "texture": "#2"}
			}
		},
		{
			"from": [2, 15, 12],
			"to": [3, 16, 13],
			"faces": {
				"north": {"uv": [0, 0, 0.25, 0.25], "texture": "#2"},
				"east": {"uv": [0, 0, 0.25, 0.25], "texture": "#2"},
				"south": {"uv": [0, 0, 0.25, 0.25], "texture": "#2"},
				"west": {"uv": [0, 0, 0.25, 0.25], "texture": "#2"},
				"up": {"uv": [0, 0, 0.25, 0.25], "texture": "#2"},
				"down": {"uv": [0, 0, 0.25, 0.25], "texture": "#2"}
			}
		},
		{
			"from": [2, 12, 15],
			"to": [3, 14, 16],
			"faces": {
				"north": {"uv": [0, 0, 0.25, 0.5], "texture": "#2"},
				"east": {"uv": [0, 0, 0.25, 0.5], "texture": "#2"},
				"south": {"uv": [0, 0, 0.25, 0.5], "texture": "#2"},
				"west": {"uv": [0, 0, 0.25, 0.5], "texture": "#2"},
				"up": {"uv": [0, 0, 0.25, 0.25], "texture": "#2"},
				"down": {"uv": [0, 0, 0.25, 0.25], "texture": "#2"}
			}
		},
		{
			"from": [3, 13, 15],
			"to": [4, 14, 16],
			"faces": {
				"north": {"uv": [0, 0, 0.25, 0.25], "texture": "#2"},
				"east": {"uv": [0, 0, 0.25, 0.25], "texture": "#2"},
				"south": {"uv": [0, 0, 0.25, 0.25], "texture": "#2"},
				"west": {"uv": [0, 0, 0.25, 0.25], "texture": "#2"},
				"up": {"uv": [0, 0, 0.25, 0.25], "texture": "#2"},
				"down": {"uv": [0, 0, 0.25, 0.25], "texture": "#2"}
			}
		},
		{
			"from": [0, 13, 12],
			"to": [1, 14, 14],
			"faces": {
				"north": {"uv": [0, 0, 0.25, 0.25], "texture": "#2"},
				"east": {"uv": [0, 0, 0.5, 0.25], "texture": "#2"},
				"south": {"uv": [0, 0, 0.25, 0.25], "texture": "#2"},
				"west": {"uv": [0, 0, 0.5, 0.25], "texture": "#2"},
				"up": {"uv": [0, 0, 0.25, 0.5], "texture": "#2"},
				"down": {"uv": [0, 0, 0.25, 0.5], "texture": "#2"}
			}
		},
		{
			"from": [0, 12, 13],
			"to": [1, 13, 14],
			"faces": {
				"north": {"uv": [0, 0, 0.25, 0.25], "texture": "#2"},
				"east": {"uv": [0, 0, 0.25, 0.25], "texture": "#2"},
				"south": {"uv": [0, 0, 0.25, 0.25], "texture": "#2"},
				"west": {"uv": [0, 0, 0.25, 0.25], "texture": "#2"},
				"up": {"uv": [0, 0, 0.25, 0.25], "texture": "#2"},
				"down": {"uv": [0, 0, 0.25, 0.25], "texture": "#2"}
			}
		},
		{
			"from": [14, 11, 14],
			"to": [16, 16, 16],
			"faces": {
				"north": {"uv": [0, 0, 0.5, 1.25], "texture": "#2"},
				"east": {"uv": [0, 0, 0.5, 1.25], "texture": "#2"},
				"south": {"uv": [0, 0, 0.5, 1.25], "texture": "#2"},
				"west": {"uv": [0, 0, 0.5, 1.25], "texture": "#2"},
				"up": {"uv": [0, 0, 0.5, 0.5], "texture": "#2"},
				"down": {"uv": [0, 0, 0.5, 0.5], "texture": "#2"}
			}
		},
		{
			"from": [14, 14, 11],
			"to": [16, 16, 14],
			"faces": {
				"north": {"uv": [0, 0, 0.5, 0.5], "texture": "#2"},
				"east": {"uv": [0, 0, 0.75, 0.5], "texture": "#2"},
				"south": {"uv": [0, 0, 0.5, 0.5], "texture": "#2"},
				"west": {"uv": [0, 0, 0.75, 0.5], "texture": "#2"},
				"up": {"uv": [0, 0, 0.5, 0.75], "texture": "#2"},
				"down": {"uv": [0, 0, 0.5, 0.75], "texture": "#2"}
			}
		},
		{
			"from": [11, 14, 14],
			"to": [14, 16, 16],
			"faces": {
				"north": {"uv": [0, 0, 0.75, 0.5], "texture": "#2"},
				"east": {"uv": [0, 0, 0.5, 0.5], "texture": "#2"},
				"south": {"uv": [0, 0, 0.75, 0.5], "texture": "#2"},
				"west": {"uv": [0, 0, 0.5, 0.5], "texture": "#2"},
				"up": {"uv": [0, 0, 0.75, 0.5], "texture": "#2"},
				"down": {"uv": [0, 0, 0.75, 0.5], "texture": "#2"}
			}
		},
		{
			"from": [12, 13, 15],
			"to": [14, 14, 16],
			"faces": {
				"north": {"uv": [0, 0, 0.5, 0.25], "texture": "#2"},
				"east": {"uv": [0, 0, 0.25, 0.25], "texture": "#2"},
				"south": {"uv": [0, 0, 0.5, 0.25], "texture": "#2"},
				"west": {"uv": [0, 0, 0.25, 0.25], "texture": "#2"},
				"up": {"uv": [0, 0, 0.5, 0.25], "texture": "#2"},
				"down": {"uv": [0, 0, 0.5, 0.25], "texture": "#2"}
			}
		},
		{
			"from": [13, 12, 15],
			"to": [14, 13, 16],
			"faces": {
				"north": {"uv": [0, 0, 0.25, 0.25], "texture": "#2"},
				"east": {"uv": [0, 0, 0.25, 0.25], "texture": "#2"},
				"south": {"uv": [0, 0, 0.25, 0.25], "texture": "#2"},
				"west": {"uv": [0, 0, 0.25, 0.25], "texture": "#2"},
				"up": {"uv": [0, 0, 0.25, 0.25], "texture": "#2"},
				"down": {"uv": [0, 0, 0.25, 0.25], "texture": "#2"}
			}
		},
		{
			"from": [13, 15, 12],
			"to": [14, 16, 14],
			"faces": {
				"north": {"uv": [0, 0, 0.25, 0.25], "texture": "#2"},
				"east": {"uv": [0, 0, 0.5, 0.25], "texture": "#2"},
				"south": {"uv": [0, 0, 0.25, 0.25], "texture": "#2"},
				"west": {"uv": [0, 0, 0.5, 0.25], "texture": "#2"},
				"up": {"uv": [0, 0, 0.25, 0.5], "texture": "#2"},
				"down": {"uv": [0, 0, 0.25, 0.5], "texture": "#2"}
			}
		},
		{
			"from": [12, 15, 13],
			"to": [13, 16, 14],
			"faces": {
				"north": {"uv": [0, 0, 0.25, 0.25], "texture": "#2"},
				"east": {"uv": [0, 0, 0.25, 0.25], "texture": "#2"},
				"south": {"uv": [0, 0, 0.25, 0.25], "texture": "#2"},
				"west": {"uv": [0, 0, 0.25, 0.25], "texture": "#2"},
				"up": {"uv": [0, 0, 0.25, 0.25], "texture": "#2"},
				"down": {"uv": [0, 0, 0.25, 0.25], "texture": "#2"}
			}
		},
		{
			"from": [15, 13, 12],
			"to": [16, 14, 14],
			"faces": {
				"north": {"uv": [0, 0, 0.25, 0.25], "texture": "#2"},
				"east": {"uv": [0, 0, 0.5, 0.25], "texture": "#2"},
				"south": {"uv": [0, 0, 0.25, 0.25], "texture": "#2"},
				"west": {"uv": [0, 0, 0.5, 0.25], "texture": "#2"},
				"up": {"uv": [0, 0, 0.25, 0.5], "texture": "#2"},
				"down": {"uv": [0, 0, 0.25, 0.5], "texture": "#2"}
			}
		},
		{
			"from": [15, 12, 13],
			"to": [16, 13, 14],
			"faces": {
				"north": {"uv": [0, 0, 0.25, 0.25], "texture": "#2"},
				"east": {"uv": [0, 0, 0.25, 0.25], "texture": "#2"},
				"south": {"uv": [0, 0, 0.25, 0.25], "texture": "#2"},
				"west": {"uv": [0, 0, 0.25, 0.25], "texture": "#2"},
				"up": {"uv": [0, 0, 0.25, 0.25], "texture": "#2"},
				"down": {"uv": [0, 0, 0.25, 0.25], "texture": "#2"}
			}
		},
		{
			"from": [14, 11, 0],
			"to": [16, 16, 2],
			"faces": {
				"north": {"uv": [0, 0, 0.5, 1.25], "texture": "#2"},
				"east": {"uv": [0, 0, 0.5, 1.25], "texture": "#2"},
				"south": {"uv": [0, 0, 0.5, 1.25], "texture": "#2"},
				"west": {"uv": [0, 0, 0.5, 1.25], "texture": "#2"},
				"up": {"uv": [0, 0, 0.5, 0.5], "texture": "#2"},
				"down": {"uv": [0, 0, 0.5, 0.5], "texture": "#2"}
			}
		},
		{
			"from": [11, 14, 0],
			"to": [14, 16, 2],
			"faces": {
				"north": {"uv": [0, 0, 0.75, 0.5], "texture": "#2"},
				"east": {"uv": [0, 0, 0.5, 0.5], "texture": "#2"},
				"south": {"uv": [0, 0, 0.75, 0.5], "texture": "#2"},
				"west": {"uv": [0, 0, 0.5, 0.5], "texture": "#2"},
				"up": {"uv": [0, 0, 0.75, 0.5], "texture": "#2"},
				"down": {"uv": [0, 0, 0.75, 0.5], "texture": "#2"}
			}
		},
		{
			"from": [14, 14, 2],
			"to": [16, 16, 5],
			"faces": {
				"north": {"uv": [0, 0, 0.5, 0.5], "texture": "#2"},
				"east": {"uv": [0, 0, 0.75, 0.5], "texture": "#2"},
				"south": {"uv": [0, 0, 0.5, 0.5], "texture": "#2"},
				"west": {"uv": [0, 0, 0.75, 0.5], "texture": "#2"},
				"up": {"uv": [0, 0, 0.5, 0.75], "texture": "#2"},
				"down": {"uv": [0, 0, 0.5, 0.75], "texture": "#2"}
			}
		},
		{
			"from": [15, 13, 2],
			"to": [16, 14, 4],
			"faces": {
				"north": {"uv": [0, 0, 0.25, 0.25], "texture": "#2"},
				"east": {"uv": [0, 0, 0.5, 0.25], "texture": "#2"},
				"south": {"uv": [0, 0, 0.25, 0.25], "texture": "#2"},
				"west": {"uv": [0, 0, 0.5, 0.25], "texture": "#2"},
				"up": {"uv": [0, 0, 0.25, 0.5], "texture": "#2"},
				"down": {"uv": [0, 0, 0.25, 0.5], "texture": "#2"}
			}
		},
		{
			"from": [15, 12, 2],
			"to": [16, 13, 3],
			"faces": {
				"north": {"uv": [0, 0, 0.25, 0.25], "texture": "#2"},
				"east": {"uv": [0, 0, 0.25, 0.25], "texture": "#2"},
				"south": {"uv": [0, 0, 0.25, 0.25], "texture": "#2"},
				"west": {"uv": [0, 0, 0.25, 0.25], "texture": "#2"},
				"up": {"uv": [0, 0, 0.25, 0.25], "texture": "#2"},
				"down": {"uv": [0, 0, 0.25, 0.25], "texture": "#2"}
			}
		},
		{
			"from": [12, 15, 2],
			"to": [14, 16, 3],
			"faces": {
				"north": {"uv": [0, 0, 0.5, 0.25], "texture": "#2"},
				"east": {"uv": [0, 0, 0.25, 0.25], "texture": "#2"},
				"south": {"uv": [0, 0, 0.5, 0.25], "texture": "#2"},
				"west": {"uv": [0, 0, 0.25, 0.25], "texture": "#2"},
				"up": {"uv": [0, 0, 0.5, 0.25], "texture": "#2"},
				"down": {"uv": [0, 0, 0.5, 0.25], "texture": "#2"}
			}
		},
		{
			"from": [13, 15, 3],
			"to": [14, 16, 4],
			"faces": {
				"north": {"uv": [0, 0, 0.25, 0.25], "texture": "#2"},
				"east": {"uv": [0, 0, 0.25, 0.25], "texture": "#2"},
				"south": {"uv": [0, 0, 0.25, 0.25], "texture": "#2"},
				"west": {"uv": [0, 0, 0.25, 0.25], "texture": "#2"},
				"up": {"uv": [0, 0, 0.25, 0.25], "texture": "#2"},
				"down": {"uv": [0, 0, 0.25, 0.25], "texture": "#2"}
			}
		},
		{
			"from": [12, 13, 0],
			"to": [14, 14, 1],
			"faces": {
				"north": {"uv": [0, 0, 0.5, 0.25], "texture": "#2"},
				"east": {"uv": [0, 0, 0.25, 0.25], "texture": "#2"},
				"south": {"uv": [0, 0, 0.5, 0.25], "texture": "#2"},
				"west": {"uv": [0, 0, 0.25, 0.25], "texture": "#2"},
				"up": {"uv": [0, 0, 0.5, 0.25], "texture": "#2"},
				"down": {"uv": [0, 0, 0.5, 0.25], "texture": "#2"}
			}
		},
		{
			"from": [13, 12, 0],
			"to": [14, 13, 1],
			"faces": {
				"north": {"uv": [0, 0, 0.25, 0.25], "texture": "#2"},
				"east": {"uv": [0, 0, 0.25, 0.25], "texture": "#2"},
				"south": {"uv": [0, 0, 0.25, 0.25], "texture": "#2"},
				"west": {"uv": [0, 0, 0.25, 0.25], "texture": "#2"},
				"up": {"uv": [0, 0, 0.25, 0.25], "texture": "#2"},
				"down": {"uv": [0, 0, 0.25, 0.25], "texture": "#2"}
			}
		},
		{
			"from": [5.75, 5.75, 0],
			"to": [10.25, 10.25, 1],
			"faces": {
				"north": {"uv": [2.25, 2, 13.875, 13.625], "texture": "#3"},
				"east": {"uv": [0, 0, 0.25, 1.125], "texture": "#3"},
				"south": {"uv": [2.25, 2, 13.875, 13.625], "texture": "#3"},
				"west": {"uv": [0, 0, 0.25, 1.125], "texture": "#3"},
				"up": {"uv": [0, 0, 1.125, 0.25], "texture": "#3"},
				"down": {"uv": [0, 0, 1.125, 0.25], "texture": "#3"}
			}
		},
		{
			"from": [5, 6.5, 0],
			"to": [5.75, 9.5, 1],
			"faces": {
				"north": {"uv": [0, 0, 0.1875, 0.75], "texture": "#2"},
				"east": {"uv": [0, 0, 0.25, 0.75], "texture": "#2"},
				"south": {"uv": [0, 0, 0.1875, 0.75], "texture": "#2"},
				"west": {"uv": [0, 0, 0.25, 0.75], "texture": "#2"},
				"up": {"uv": [0, 0, 0.1875, 0.25], "texture": "#2"},
				"down": {"uv": [0, 0, 0.1875, 0.25], "texture": "#2"}
			}
		},
		{
			"from": [10.25, 6.5, 0],
			"to": [11, 9.5, 1],
			"faces": {
				"north": {"uv": [0, 0, 0.1875, 0.75], "texture": "#2"},
				"east": {"uv": [0, 0, 0.25, 0.75], "texture": "#2"},
				"south": {"uv": [0, 0, 0.1875, 0.75], "texture": "#2"},
				"west": {"uv": [0, 0, 0.25, 0.75], "texture": "#2"},
				"up": {"uv": [0, 0, 0.1875, 0.25], "texture": "#2"},
				"down": {"uv": [0, 0, 0.1875, 0.25], "texture": "#2"}
			}
		},
		{
			"from": [6.5, 10.25, 0],
			"to": [9.5, 11, 1],
			"faces": {
				"north": {"uv": [0, 0, 0.75, 0.1875], "texture": "#2"},
				"east": {"uv": [0, 0, 0.25, 0.1875], "texture": "#2"},
				"south": {"uv": [0, 0, 0.75, 0.1875], "texture": "#2"},
				"west": {"uv": [0, 0, 0.25, 0.1875], "texture": "#2"},
				"up": {"uv": [0, 0, 0.75, 0.25], "texture": "#2"},
				"down": {"uv": [0, 0, 0.75, 0.25], "texture": "#2"}
			}
		},
		{
			"from": [6.5, 5, 0],
			"to": [9.5, 5.75, 1],
			"faces": {
				"north": {"uv": [0, 0, 0.75, 0.1875], "texture": "#2"},
				"east": {"uv": [0, 0, 0.25, 0.1875], "texture": "#2"},
				"south": {"uv": [0, 0, 0.75, 0.1875], "texture": "#2"},
				"west": {"uv": [0, 0, 0.25, 0.1875], "texture": "#2"},
				"up": {"uv": [0, 0, 0.75, 0.25], "texture": "#2"},
				"down": {"uv": [0, 0, 0.75, 0.25], "texture": "#2"}
			}
		},
		{
			"from": [0, 5.75, 5.75],
			"to": [1, 10.25, 10.25],
			"faces": {
				"north": {"uv": [0, 0, 0.25, 1.125], "texture": "#3"},
				"east": {"uv": [2.25, 2, 13.875, 13.625], "texture": "#3"},
				"south": {"uv": [0, 0, 0.25, 1.125], "texture": "#3"},
				"west": {"uv": [2.25, 2, 13.875, 13.625], "texture": "#3"},
				"up": {"uv": [0, 0, 0.25, 1.125], "texture": "#3"},
				"down": {"uv": [0, 0, 0.25, 1.125], "texture": "#3"}
			}
		},
		{
			"from": [0, 5, 6.5],
			"to": [1, 5.75, 9.5],
			"faces": {
				"north": {"uv": [0, 0, 0.25, 0.1875], "texture": "#2"},
				"east": {"uv": [0, 0, 0.75, 0.1875], "texture": "#2"},
				"south": {"uv": [0, 0, 0.25, 0.1875], "texture": "#2"},
				"west": {"uv": [0, 0, 0.75, 0.1875], "texture": "#2"},
				"up": {"uv": [0, 0, 0.25, 0.75], "texture": "#2"},
				"down": {"uv": [0, 0, 0.25, 0.75], "texture": "#2"}
			}
		},
		{
			"from": [0, 10.25, 6.5],
			"to": [1, 11, 9.5],
			"faces": {
				"north": {"uv": [0, 0, 0.25, 0.1875], "texture": "#2"},
				"east": {"uv": [0, 0, 0.75, 0.1875], "texture": "#2"},
				"south": {"uv": [0, 0, 0.25, 0.1875], "texture": "#2"},
				"west": {"uv": [0, 0, 0.75, 0.1875], "texture": "#2"},
				"up": {"uv": [0, 0, 0.25, 0.75], "texture": "#2"},
				"down": {"uv": [0, 0, 0.25, 0.75], "texture": "#2"}
			}
		},
		{
			"from": [0, 6.5, 10.25],
			"to": [1, 9.5, 11],
			"faces": {
				"north": {"uv": [0, 0, 0.25, 0.75], "texture": "#2"},
				"east": {"uv": [0, 0, 0.1875, 0.75], "texture": "#2"},
				"south": {"uv": [0, 0, 0.25, 0.75], "texture": "#2"},
				"west": {"uv": [0, 0, 0.1875, 0.75], "texture": "#2"},
				"up": {"uv": [0, 0, 0.25, 0.1875], "texture": "#2"},
				"down": {"uv": [0, 0, 0.25, 0.1875], "texture": "#2"}
			}
		},
		{
			"from": [0, 6.5, 5],
			"to": [1, 9.5, 5.75],
			"faces": {
				"north": {"uv": [0, 0, 0.25, 0.75], "texture": "#2"},
				"east": {"uv": [0, 0, 0.1875, 0.75], "texture": "#2"},
				"south": {"uv": [0, 0, 0.25, 0.75], "texture": "#2"},
				"west": {"uv": [0, 0, 0.1875, 0.75], "texture": "#2"},
				"up": {"uv": [0, 0, 0.25, 0.1875], "texture": "#2"},
				"down": {"uv": [0, 0, 0.25, 0.1875], "texture": "#2"}
			}
		},
		{
			"from": [5.75, 0, 5.75],
			"to": [10.25, 1, 10.25],
			"faces": {
				"north": {"uv": [0, 0, 1.125, 0.25], "texture": "#3"},
				"east": {"uv": [0, 0, 1.125, 0.25], "texture": "#3"},
				"south": {"uv": [0, 0, 1.125, 0.25], "texture": "#3"},
				"west": {"uv": [0, 0, 1.125, 0.25], "texture": "#3"},
				"up": {"uv": [0, 0, 1.125, 1.125], "texture": "#3"},
				"down": {"uv": [2.25, 2, 13.875, 13.625], "texture": "#3"}
			}
		},
		{
			"from": [5, 0, 6.5],
			"to": [5.75, 1, 9.5],
			"faces": {
				"north": {"uv": [0, 0, 0.1875, 0.25], "texture": "#2"},
				"east": {"uv": [0, 0, 0.75, 0.25], "texture": "#2"},
				"south": {"uv": [0, 0, 0.1875, 0.25], "texture": "#2"},
				"west": {"uv": [0, 0, 0.75, 0.25], "texture": "#2"},
				"up": {"uv": [0, 0, 0.1875, 0.75], "texture": "#2"},
				"down": {"uv": [0, 0, 0.1875, 0.75], "texture": "#2"}
			}
		},
		{
			"from": [10.25, 0, 6.5],
			"to": [11, 1, 9.5],
			"faces": {
				"north": {"uv": [0, 0, 0.1875, 0.25], "texture": "#2"},
				"east": {"uv": [0, 0, 0.75, 0.25], "texture": "#2"},
				"south": {"uv": [0, 0, 0.1875, 0.25], "texture": "#2"},
				"west": {"uv": [0, 0, 0.75, 0.25], "texture": "#2"},
				"up": {"uv": [0, 0, 0.1875, 0.75], "texture": "#2"},
				"down": {"uv": [0, 0, 0.1875, 0.75], "texture": "#2"}
			}
		},
		{
			"from": [6.5, 0, 10.25],
			"to": [9.5, 1, 11],
			"faces": {
				"north": {"uv": [0, 0, 0.75, 0.25], "texture": "#2"},
				"east": {"uv": [0, 0, 0.1875, 0.25], "texture": "#2"},
				"south": {"uv": [0, 0, 0.75, 0.25], "texture": "#2"},
				"west": {"uv": [0, 0, 0.1875, 0.25], "texture": "#2"},
				"up": {"uv": [0, 0, 0.75, 0.1875], "texture": "#2"},
				"down": {"uv": [0, 0, 0.75, 0.1875], "texture": "#2"}
			}
		},
		{
			"from": [6.5, 0, 5],
			"to": [9.5, 1, 5.75],
			"faces": {
				"north": {"uv": [0, 0, 0.75, 0.25], "texture": "#2"},
				"east": {"uv": [0, 0, 0.1875, 0.25], "texture": "#2"},
				"south": {"uv": [0, 0, 0.75, 0.25], "texture": "#2"},
				"west": {"uv": [0, 0, 0.1875, 0.25], "texture": "#2"},
				"up": {"uv": [0, 0, 0.75, 0.1875], "texture": "#2"},
				"down": {"uv": [0, 0, 0.75, 0.1875], "texture": "#2"}
			}
		},
		{
			"from": [5.75, 15, 5.75],
			"to": [10.25, 16, 10.25],
			"rotation": {"angle": 0, "axis": "y", "origin": [8, 23, 8]},
			"faces": {
				"north": {"uv": [0, 0, 1.125, 0.25], "texture": "#3"},
				"east": {"uv": [0, 0, 1.125, 0.25], "texture": "#3"},
				"south": {"uv": [0, 0, 1.125, 0.25], "texture": "#3"},
				"west": {"uv": [0, 0, 1.125, 0.25], "texture": "#3"},
				"up": {"uv": [2.25, 2, 13.875, 13.625], "texture": "#3"},
				"down": {"uv": [2.25, 2, 13.875, 13.625], "texture": "#3"}
			}
		},
		{
			"from": [5, 15, 6.5],
			"to": [5.75, 16, 9.5],
			"rotation": {"angle": 0, "axis": "y", "origin": [8, 23, 8]},
			"faces": {
				"north": {"uv": [0, 0, 0.1875, 0.25], "texture": "#2"},
				"east": {"uv": [0, 0, 0.75, 0.25], "texture": "#2"},
				"south": {"uv": [0, 0, 0.1875, 0.25], "texture": "#2"},
				"west": {"uv": [0, 0, 0.75, 0.25], "texture": "#2"},
				"up": {"uv": [2.25, 2, 13.875, 13.625], "texture": "#2"},
				"down": {"uv": [0, 0, 0.1875, 0.75], "texture": "#2"}
			}
		},
		{
			"from": [10.25, 15, 6.5],
			"to": [11, 16, 9.5],
			"rotation": {"angle": 0, "axis": "y", "origin": [8, 23, 8]},
			"faces": {
				"north": {"uv": [0, 0, 0.1875, 0.25], "texture": "#2"},
				"east": {"uv": [0, 0, 0.75, 0.25], "texture": "#2"},
				"south": {"uv": [0, 0, 0.1875, 0.25], "texture": "#2"},
				"west": {"uv": [0, 0, 0.75, 0.25], "texture": "#2"},
				"up": {"uv": [2.25, 2, 13.875, 13.625], "texture": "#2"},
				"down": {"uv": [0, 0, 0.1875, 0.75], "texture": "#2"}
			}
		},
		{
			"from": [6.5, 15, 10.25],
			"to": [9.5, 16, 11],
			"rotation": {"angle": 0, "axis": "y", "origin": [8, 23, 8]},
			"faces": {
				"north": {"uv": [0, 0, 0.75, 0.25], "texture": "#2"},
				"east": {"uv": [0, 0, 0.1875, 0.25], "texture": "#2"},
				"south": {"uv": [0, 0, 0.75, 0.25], "texture": "#2"},
				"west": {"uv": [0, 0, 0.1875, 0.25], "texture": "#2"},
				"up": {"uv": [2.25, 2, 13.875, 13.625], "texture": "#2"},
				"down": {"uv": [0, 0, 0.75, 0.1875], "texture": "#2"}
			}
		},
		{
			"from": [6.5, 15, 5],
			"to": [9.5, 16, 5.75],
			"rotation": {"angle": 0, "axis": "y", "origin": [8, 23, 8]},
			"faces": {
				"north": {"uv": [0, 0, 0.75, 0.25], "texture": "#2"},
				"east": {"uv": [0, 0, 0.1875, 0.25], "texture": "#2"},
				"south": {"uv": [0, 0, 0.75, 0.25], "texture": "#2"},
				"west": {"uv": [0, 0, 0.1875, 0.25], "texture": "#2"},
				"up": {"uv": [2.25, 2, 13.875, 13.625], "texture": "#2"},
				"down": {"uv": [0, 0, 0.75, 0.1875], "texture": "#2"}
			}
		},
		{
			"from": [15, 5.75, 5.75],
			"to": [16, 10.25, 10.25],
			"rotation": {"angle": 0, "axis": "y", "origin": [23, 8, 8]},
			"faces": {
				"north": {"uv": [0, 0, 0.25, 1.125], "texture": "#3"},
				"east": {"uv": [2.25, 2, 13.875, 13.625], "texture": "#3"},
				"south": {"uv": [0, 0, 0.25, 1.125], "texture": "#3"},
				"west": {"uv": [2.25, 2, 13.875, 13.625], "texture": "#3"},
				"up": {"uv": [0, 0, 0.25, 1.125], "texture": "#3"},
				"down": {"uv": [0, 0, 0.25, 1.125], "texture": "#3"}
			}
		},
		{
			"from": [15, 5, 6.5],
			"to": [16, 5.75, 9.5],
			"rotation": {"angle": 0, "axis": "y", "origin": [23, 8, 8]},
			"faces": {
				"north": {"uv": [0, 0, 0.25, 0.1875], "texture": "#2"},
				"east": {"uv": [0, 0, 0.75, 0.1875], "texture": "#2"},
				"south": {"uv": [0, 0, 0.25, 0.1875], "texture": "#2"},
				"west": {"uv": [0, 0, 0.75, 0.1875], "texture": "#2"},
				"up": {"uv": [0, 0, 0.25, 0.75], "texture": "#2"},
				"down": {"uv": [0, 0, 0.25, 0.75], "texture": "#2"}
			}
		},
		{
			"from": [15, 10.25, 6.5],
			"to": [16, 11, 9.5],
			"rotation": {"angle": 0, "axis": "y", "origin": [23, 8, 8]},
			"faces": {
				"north": {"uv": [0, 0, 0.25, 0.1875], "texture": "#2"},
				"east": {"uv": [0, 0, 0.75, 0.1875], "texture": "#2"},
				"south": {"uv": [0, 0, 0.25, 0.1875], "texture": "#2"},
				"west": {"uv": [0, 0, 0.75, 0.1875], "texture": "#2"},
				"up": {"uv": [0, 0, 0.25, 0.75], "texture": "#2"},
				"down": {"uv": [0, 0, 0.25, 0.75], "texture": "#2"}
			}
		},
		{
			"from": [15, 6.5, 10.25],
			"to": [16, 9.5, 11],
			"rotation": {"angle": 0, "axis": "y", "origin": [23, 8, 8]},
			"faces": {
				"north": {"uv": [0, 0, 0.25, 0.75], "texture": "#2"},
				"east": {"uv": [0, 0, 0.1875, 0.75], "texture": "#2"},
				"south": {"uv": [0, 0, 0.25, 0.75], "texture": "#2"},
				"west": {"uv": [0, 0, 0.1875, 0.75], "texture": "#2"},
				"up": {"uv": [0, 0, 0.25, 0.1875], "texture": "#2"},
				"down": {"uv": [0, 0, 0.25, 0.1875], "texture": "#2"}
			}
		},
		{
			"from": [15, 6.5, 5],
			"to": [16, 9.5, 5.75],
			"rotation": {"angle": 0, "axis": "y", "origin": [23, 8, 8]},
			"faces": {
				"north": {"uv": [0, 0, 0.25, 0.75], "texture": "#2"},
				"east": {"uv": [0, 0, 0.1875, 0.75], "texture": "#2"},
				"south": {"uv": [0, 0, 0.25, 0.75], "texture": "#2"},
				"west": {"uv": [0, 0, 0.1875, 0.75], "texture": "#2"},
				"up": {"uv": [0, 0, 0.25, 0.1875], "texture": "#2"},
				"down": {"uv": [0, 0, 0.25, 0.1875], "texture": "#2"}
			}
		},
		{
			"from": [5.75, 5.75, 15],
			"to": [10.25, 10.25, 16],
			"rotation": {"angle": 0, "axis": "y", "origin": [8, 8, 23]},
			"faces": {
				"north": {"uv": [2.25, 2, 13.875, 13.625], "texture": "#3"},
				"east": {"uv": [0, 0, 0.25, 1.125], "texture": "#3"},
				"south": {"uv": [2.25, 2, 13.875, 13.625], "texture": "#3"},
				"west": {"uv": [0, 0, 0.25, 1.125], "texture": "#3"},
				"up": {"uv": [0, 0, 1.125, 0.25], "texture": "#3"},
				"down": {"uv": [0, 0, 1.125, 0.25], "texture": "#3"}
			}
		},
		{
			"from": [5, 6.5, 15],
			"to": [5.75, 9.5, 16],
			"rotation": {"angle": 0, "axis": "y", "origin": [8, 8, 23]},
			"faces": {
				"north": {"uv": [0, 0, 0.1875, 0.75], "texture": "#2"},
				"east": {"uv": [0, 0, 0.25, 0.75], "texture": "#2"},
				"south": {"uv": [0, 0, 0.1875, 0.75], "texture": "#2"},
				"west": {"uv": [0, 0, 0.25, 0.75], "texture": "#2"},
				"up": {"uv": [0, 0, 0.1875, 0.25], "texture": "#2"},
				"down": {"uv": [0, 0, 0.1875, 0.25], "texture": "#2"}
			}
		},
		{
			"from": [10.25, 6.5, 15],
			"to": [11, 9.5, 16],
			"rotation": {"angle": 0, "axis": "y", "origin": [8, 8, 23]},
			"faces": {
				"north": {"uv": [0, 0, 0.1875, 0.75], "texture": "#2"},
				"east": {"uv": [0, 0, 0.25, 0.75], "texture": "#2"},
				"south": {"uv": [0, 0, 0.1875, 0.75], "texture": "#2"},
				"west": {"uv": [0, 0, 0.25, 0.75], "texture": "#2"},
				"up": {"uv": [0, 0, 0.1875, 0.25], "texture": "#2"},
				"down": {"uv": [0, 0, 0.1875, 0.25], "texture": "#2"}
			}
		},
		{
			"from": [6.5, 10.25, 15],
			"to": [9.5, 11, 16],
			"rotation": {"angle": 0, "axis": "y", "origin": [8, 8, 23]},
			"faces": {
				"north": {"uv": [0, 0, 0.75, 0.1875], "texture": "#2"},
				"east": {"uv": [0, 0, 0.25, 0.1875], "texture": "#2"},
				"south": {"uv": [0, 0, 0.75, 0.1875], "texture": "#2"},
				"west": {"uv": [0, 0, 0.25, 0.1875], "texture": "#2"},
				"up": {"uv": [0, 0, 0.75, 0.25], "texture": "#2"},
				"down": {"uv": [0, 0, 0.75, 0.25], "texture": "#2"}
			}
		},
		{
			"from": [6.5, 5, 15],
			"to": [9.5, 5.75, 16],
			"rotation": {"angle": 0, "axis": "y", "origin": [8, 8, 23]},
			"faces": {
				"north": {"uv": [0, 0, 0.75, 0.1875], "texture": "#2"},
				"east": {"uv": [0, 0, 0.25, 0.1875], "texture": "#2"},
				"south": {"uv": [0, 0, 0.75, 0.1875], "texture": "#2"},
				"west": {"uv": [0, 0, 0.25, 0.1875], "texture": "#2"},
				"up": {"uv": [0, 0, 0.75, 0.25], "texture": "#2"},
				"down": {"uv": [0, 0, 0.75, 0.25], "texture": "#2"}
			}
		}
	],
	"display": {
		"thirdperson_righthand": {
			"scale": [0.4, 0.4, 0.4]
		},
		"thirdperson_lefthand": {
			"scale": [0.4, 0.4, 0.4]
		},
		"firstperson_righthand": {
			"scale": [0.4, 0.4, 0.4]
		},
		"firstperson_lefthand": {
			"scale": [0.4, 0.4, 0.4]
		},
		"ground": {
			"translation": [0, -0.5, 0],
			"scale": [0.4, 0.4, 0.4]
		},
		"gui": {
			"rotation": [27, -44, 0],
			"scale": [0.6, 0.6, 0.6]
		},
		"head": {
			"translation": [0, -14.75, 0],
			"scale": [2.23, 2.23, 2.23]
		}
	},
	"groups": [
		{
			"name": "cube",
			"origin": [7.89224, 8.01293, 8.00431],
			"color": 0,
			"children": [
				0,
				1,
				2,
				3,
				4,
				5,
				6,
				7,
				8,
				9,
				10,
				11,
				12,
				13,
				14,
				15,
				16,
				17,
				18,
				19,
				20,
				21,
				22,
				23,
				24,
				25,
				26,
				27,
				28,
				29,
				30,
				31,
				32,
				33,
				34,
				35,
				36,
				37,
				38,
				39,
				40,
				41,
				42,
				43,
				44,
				45,
				46,
				47,
				48,
				49,
				50,
				51,
				52,
				53,
				54,
				55,
				56,
				57,
				58,
				59,
				60,
				61,
				62,
				63,
				64,
				65,
				66,
				67,
				68,
				69,
				70,
				71,
				72,
				73,
				74,
				75,
				76,
				77,
				78,
				79,
				80,
				81,
				82,
				83,
				84,
				85,
				86,
				87,
				88,
				89,
				90,
				91,
				92,
				93,
				94,
				95,
				96,
				97,
				98,
				99,
				100,
				101,
				102,
				103,
				104,
				105,
				106,
				107,
				108,
				109,
				110,
				111,
				112,
				113,
				114,
				115
			]
		}
	]
}