{
	"credit": "Made with Blockbench",
	"texture_size": [64, 32],
	"textures": {
		"texture": "item/portalgun/chell_portalgun"
	},
	"elements": [
		{
			"from": [10, 10, 7],
			"to": [15.5, 10.5, 9],
			"rotation": {"angle": 0, "axis": "y", "origin": [8, 8, 8]},
			"faces": {
				"north": {"uv": [8, 7, 12, 7.5], "texture": "#texture"},
				"east": {"uv": [9.25, 7.5, 11.25, 8], "texture": "#texture"},
				"south": {"uv": [8, 7, 12, 7.5], "texture": "#texture"},
				"west": {"uv": [9.25, 7.5, 11.25, 8], "texture": "#texture"},
				"up": {"uv": [8, 5, 12, 7], "texture": "#texture"},
				"down": {"uv": [8, 5, 12, 7], "texture": "#texture"}
			}
		},
		{
			"from": [10, 9.5, 7.25],
			"to": [14.4, 9.8, 8.75],
			"rotation": {"angle": 0, "axis": "y", "origin": [8, 8, 8]},
			"faces": {
				"north": {"uv": [8, 7, 12, 7.5], "texture": "#texture"},
				"east": {"uv": [9.25, 7.5, 11.25, 8], "texture": "#texture"},
				"south": {"uv": [8, 7, 12, 7.5], "texture": "#texture"},
				"west": {"uv": [9.25, 7.5, 11.25, 8], "texture": "#texture"},
				"up": {"uv": [8, 5, 12, 7], "texture": "#texture"},
				"down": {"uv": [8, 5, 12, 7], "texture": "#texture"}
			}
		},
		{
			"from": [10, 8.25, 7.25],
			"to": [14.4, 8.55, 8.75],
			"rotation": {"angle": 0, "axis": "y", "origin": [8, 8, 8]},
			"faces": {
				"north": {"uv": [8, 7, 12, 7.5], "texture": "#texture"},
				"east": {"uv": [9.25, 7.5, 11.25, 8], "texture": "#texture"},
				"south": {"uv": [8, 7, 12, 7.5], "texture": "#texture"},
				"west": {"uv": [9.25, 7.5, 11.25, 8], "texture": "#texture"},
				"up": {"uv": [8, 5, 12, 7], "texture": "#texture"},
				"down": {"uv": [8, 5, 12, 7], "texture": "#texture"}
			}
		},
		{
			"from": [10, 8.5, 7.25],
			"to": [14.4, 9.55, 7.5],
			"rotation": {"angle": 0, "axis": "y", "origin": [8, 8, 8]},
			"faces": {
				"north": {"uv": [8, 7, 12, 7.5], "texture": "#texture"},
				"east": {"uv": [9.25, 7.5, 11.25, 8], "texture": "#texture"},
				"south": {"uv": [8, 7, 12, 7.5], "texture": "#texture"},
				"west": {"uv": [9.25, 7.5, 11.25, 8], "texture": "#texture"},
				"up": {"uv": [8, 5, 12, 7], "texture": "#texture"},
				"down": {"uv": [8, 5, 12, 7], "texture": "#texture"}
			}
		},
		{
			"from": [10, 8.5, 8.5],
			"to": [14.4, 9.55, 8.75],
			"rotation": {"angle": 0, "axis": "y", "origin": [8, 8, 8]},
			"faces": {
				"north": {"uv": [8, 7, 12, 7.5], "texture": "#texture"},
				"east": {"uv": [9.25, 7.5, 11.25, 8], "texture": "#texture"},
				"south": {"uv": [8, 7, 12, 7.5], "texture": "#texture"},
				"west": {"uv": [9.25, 7.5, 11.25, 8], "texture": "#texture"},
				"up": {"uv": [8, 5, 12, 7], "texture": "#texture"},
				"down": {"uv": [8, 5, 12, 7], "texture": "#texture"}
			}
		},
		{
			"from": [10, 8.5, 6.5],
			"to": [15.5, 10.5, 7],
			"rotation": {"angle": 0, "axis": "y", "origin": [8, 8, 8]},
			"faces": {
				"north": {"uv": [8, 5.5, 12, 7.5], "texture": "#texture"},
				"east": {"uv": [11.75, 5.5, 12, 7.5], "texture": "#texture"},
				"south": {"uv": [8, 5.5, 12, 7.5], "texture": "#texture"},
				"west": {"uv": [11.75, 5.5, 12, 7.5], "texture": "#texture"},
				"up": {"uv": [8, 6.5, 12, 7], "texture": "#texture"},
				"down": {"uv": [8, 6.5, 12, 7], "texture": "#texture"}
			}
		},
		{
			"from": [10, 8.5, 9],
			"to": [15.5, 10.5, 9.5],
			"rotation": {"angle": 0, "axis": "y", "origin": [8, 8, 8]},
			"faces": {
				"north": {"uv": [8, 5.5, 12, 7.5], "texture": "#texture"},
				"east": {"uv": [11.75, 5, 12, 7], "texture": "#texture"},
				"south": {"uv": [8, 5.5, 12, 7.5], "texture": "#texture"},
				"west": {"uv": [11.75, 5.5, 12, 7.5], "texture": "#texture"},
				"up": {"uv": [8, 6.5, 12, 7], "texture": "#texture"},
				"down": {"uv": [8, 6.5, 12, 7], "texture": "#texture"}
			}
		},
		{
			"from": [15.5, 8, 7],
			"to": [19.5, 10, 9],
			"rotation": {"angle": 0, "axis": "y", "origin": [8, 8, 8]},
			"faces": {
				"north": {"uv": [13.75, 10, 14.75, 10.5], "texture": "#texture", "cullface": "north"},
				"east": {"uv": [11, 6, 11.75, 7.5], "texture": "#texture", "cullface": "east"},
				"south": {"uv": [14.25, 9, 15.25, 9.5], "texture": "#texture", "cullface": "south"},
				"west": {"uv": [13.75, 11, 14.75, 11.5], "texture": "#texture", "cullface": "west"},
				"up": {"uv": [13.75, 10.5, 14.75, 11.5], "rotation": 270, "texture": "#texture", "cullface": "up"},
				"down": {"uv": [14.5, 12.5, 13.5, 11.5], "rotation": 90, "texture": "#texture", "cullface": "down"}
			}
		},
		{
			"from": [14.4, 8, 7],
			"to": [19.4, 10, 9],
			"rotation": {"angle": 0, "axis": "y", "origin": [8, 8, 8]},
			"faces": {
				"north": {"uv": [12, 0, 13.25, 1], "texture": "#texture", "cullface": "north"},
				"east": {"uv": [12, 0, 12.5, 1], "texture": "#texture", "cullface": "north"},
				"south": {"uv": [12, 0, 13.25, 1], "texture": "#texture", "cullface": "north"},
				"west": {"uv": [12, 0, 12.5, 1], "texture": "#texture", "cullface": "north"},
				"up": {"uv": [12, 0, 13.25, 1], "texture": "#texture", "cullface": "north"},
				"down": {"uv": [12, 0, 13.25, 1], "texture": "#texture", "cullface": "north"}
			}
		},
		{
			"from": [10, 8.5, 7.5],
			"to": [16, 9.5, 8.5],
			"rotation": {"angle": 0, "axis": "y", "origin": [8, 8, 8]},
			"faces": {
				"north": {"uv": [4, 0, 5.5, 0.5], "texture": "#texture", "cullface": "north"},
				"east": {"uv": [4, 0, 4.25, 0.5], "texture": "#texture", "cullface": "north"},
				"south": {"uv": [4, 0, 5.5, 0.5], "texture": "#texture", "cullface": "north"},
				"west": {"uv": [4, 0, 4.25, 0.5], "texture": "#texture", "cullface": "north"},
				"up": {"uv": [4, 0, 5.5, 0.5], "texture": "#texture", "cullface": "north"},
				"down": {"uv": [4, 0, 5.5, 0.5], "texture": "#texture", "cullface": "north"}
			}
		},
		{
			"from": [4, 6, 6],
			"to": [10, 10, 10],
			"rotation": {"angle": 0, "axis": "y", "origin": [8, 8, 8]},
			"faces": {
				"north": {"uv": [12, 0, 13.5, 2], "texture": "#texture", "cullface": "north"},
				"east": {"uv": [12, 0, 13, 2], "texture": "#texture", "cullface": "north"},
				"south": {"uv": [12, 0, 13.5, 2], "texture": "#texture", "cullface": "north"},
				"west": {"uv": [12, 0, 13, 2], "texture": "#texture", "cullface": "north"},
				"up": {"uv": [12, 0, 13.5, 2], "texture": "#texture", "cullface": "north"},
				"down": {"uv": [12, 0, 13.5, 2], "texture": "#texture", "cullface": "north"}
			}
		},
		{
			"from": [10, 6.5, 9.5],
			"to": [15, 8.5, 10],
			"rotation": {"angle": 0, "axis": "y", "origin": [8, 8, 8]},
			"faces": {
				"north": {"uv": [12, 0, 13.25, 1], "texture": "#texture", "cullface": "south"},
				"east": {"uv": [12, 0, 12.125, 1], "texture": "#texture", "cullface": "south"},
				"south": {"uv": [12, 0, 13.25, 1], "texture": "#texture", "cullface": "south"},
				"west": {"uv": [12, 0, 12.125, 1], "texture": "#texture", "cullface": "south"},
				"up": {"uv": [12, 0, 13.25, 0.25], "texture": "#texture", "cullface": "south"},
				"down": {"uv": [12, 0, 13.25, 0.25], "texture": "#texture", "cullface": "south"}
			}
		},
		{
			"from": [10, 6.5, 6.5],
			"to": [15, 7, 9.5],
			"rotation": {"angle": 0, "axis": "y", "origin": [8, 8, 8]},
			"faces": {
				"north": {"uv": [12, 0, 13.25, 0.25], "texture": "#texture", "cullface": "north"},
				"east": {"uv": [12, 0, 12.75, 0.25], "texture": "#texture", "cullface": "north"},
				"south": {"uv": [12, 0, 13.25, 0.25], "texture": "#texture", "cullface": "north"},
				"west": {"uv": [12, 0, 12.75, 0.25], "texture": "#texture", "cullface": "north"},
				"up": {"uv": [12, 0, 13.25, 1.5], "texture": "#texture", "cullface": "north"},
				"down": {"uv": [12, 0, 13.25, 1.5], "texture": "#texture", "cullface": "north"}
			}
		},
		{
			"from": [10, 6.5, 6],
			"to": [15, 8.5, 6.5],
			"rotation": {"angle": 0, "axis": "y", "origin": [8, 8, 8]},
			"faces": {
				"north": {"uv": [12, 0, 13.25, 1], "texture": "#texture", "cullface": "north"},
				"east": {"uv": [12, 0, 12.125, 1], "texture": "#texture", "cullface": "north"},
				"south": {"uv": [12, 0, 13.25, 1], "texture": "#texture", "cullface": "north"},
				"west": {"uv": [12, 0, 12.125, 1], "texture": "#texture", "cullface": "north"},
				"up": {"uv": [12, 0, 13.25, 0.25], "texture": "#texture", "cullface": "north"},
				"down": {"uv": [12, 0, 13.25, 0.25], "texture": "#texture", "cullface": "north"}
			}
		},
		{
			"from": [3.25, 6, 6],
			"to": [4, 10.75, 10],
			"rotation": {"angle": 0, "axis": "y", "origin": [8, 8, 8]},
			"faces": {
				"north": {"uv": [12, 0, 12.1875, 2.375], "texture": "#texture", "cullface": "north"},
				"east": {"uv": [12, 0, 13, 2.375], "texture": "#texture", "cullface": "north"},
				"south": {"uv": [12, 0, 12.1875, 2.375], "texture": "#texture", "cullface": "north"},
				"west": {"uv": [12, 0, 13, 2.375], "texture": "#texture", "cullface": "north"},
				"up": {"uv": [12, 0, 12.1875, 2], "texture": "#texture", "cullface": "north"},
				"down": {"uv": [12, 0, 12.1875, 2], "texture": "#texture", "cullface": "north"}
			}
		},
		{
			"from": [1, 6, 9.75],
			"to": [3.25, 10.75, 10],
			"rotation": {"angle": 0, "axis": "y", "origin": [8, 8, 8]},
			"faces": {
				"north": {"uv": [12, 0, 12.5625, 2.375], "texture": "#texture", "cullface": "north"},
				"east": {"uv": [12, 0, 12.0625, 2.375], "texture": "#texture", "cullface": "north"},
				"south": {"uv": [12, 0, 12.5625, 2.375], "texture": "#texture", "cullface": "north"},
				"west": {"uv": [12, 0, 12.0625, 2.375], "texture": "#texture", "cullface": "north"},
				"up": {"uv": [12, 0, 12.5625, 0.125], "texture": "#texture", "cullface": "north"},
				"down": {"uv": [12, 0, 12.5625, 0.125], "texture": "#texture", "cullface": "north"}
			}
		},
		{
			"from": [1, 10.75, 6],
			"to": [3.25, 11, 10],
			"rotation": {"angle": 0, "axis": "y", "origin": [8, 8, 8]},
			"faces": {
				"north": {"uv": [12, 0, 12.5625, 0.125], "texture": "#texture", "cullface": "up"},
				"east": {"uv": [12, 0, 13, 0.125], "texture": "#texture", "cullface": "up"},
				"south": {"uv": [12, 0, 12.5625, 0.125], "texture": "#texture", "cullface": "up"},
				"west": {"uv": [12, 0, 13, 0.125], "texture": "#texture", "cullface": "up"},
				"up": {"uv": [12, 0, 12.5625, 2], "texture": "#texture", "cullface": "up"},
				"down": {"uv": [12, 0, 12.5625, 2], "texture": "#texture", "cullface": "up"}
			}
		},
		{
			"from": [1, 6, 6],
			"to": [3.25, 10.75, 6.25],
			"rotation": {"angle": 0, "axis": "y", "origin": [8, 8, 8]},
			"faces": {
				"north": {"uv": [12, 0, 12.5625, 2.375], "texture": "#texture", "cullface": "north"},
				"east": {"uv": [12, 0, 12.0625, 2.375], "texture": "#texture", "cullface": "north"},
				"south": {"uv": [12, 0, 12.5625, 2.375], "texture": "#texture", "cullface": "north"},
				"west": {"uv": [12, 0, 12.0625, 2.375], "texture": "#texture", "cullface": "north"},
				"up": {"uv": [12, 0, 12.5625, 0.125], "texture": "#texture", "cullface": "north"},
				"down": {"uv": [12, 0, 12.5625, 0.125], "texture": "#texture", "cullface": "north"}
			}
		},
		{
			"from": [1.75, 6.75, 7.88],
			"to": [3.25, 7, 8.13],
			"rotation": {"angle": 0, "axis": "y", "origin": [8, 8, 8]},
			"faces": {
				"north": {"uv": [12, 0, 12.375, 0.125], "texture": "#texture", "cullface": "north"},
				"east": {"uv": [12, 0, 12.0625, 0.125], "texture": "#texture", "cullface": "north"},
				"south": {"uv": [12, 0, 12.375, 0.125], "texture": "#texture", "cullface": "north"},
				"west": {"uv": [12, 0, 12.0625, 0.125], "texture": "#texture", "cullface": "north"},
				"up": {"uv": [12, 0, 12.375, 0.125], "texture": "#texture", "cullface": "north"},
				"down": {"uv": [12, 0, 12.375, 0.125], "texture": "#texture", "cullface": "north"}
			}
		},
		{
			"from": [1.5, 6.75, 7.83],
			"to": [1.75, 9.75, 8.18],
			"rotation": {"angle": 0, "axis": "y", "origin": [8, 8, 8]},
			"faces": {
				"north": {"uv": [12, 0, 12.0625, 1.5], "texture": "#texture", "cullface": "north"},
				"east": {"uv": [12, 0, 12.0875, 1.5], "texture": "#texture", "cullface": "north"},
				"south": {"uv": [12, 0, 12.0625, 1.5], "texture": "#texture", "cullface": "north"},
				"west": {"uv": [12, 0, 12.0875, 1.5], "texture": "#texture", "cullface": "north"},
				"up": {"uv": [12, 0, 12.0625, 0.175], "texture": "#texture", "cullface": "north"},
				"down": {"uv": [12, 0, 12.0625, 0.175], "texture": "#texture", "cullface": "north"}
			}
		},
		{
			"from": [1.75, 9.5, 7.88],
			"to": [3.25, 9.75, 8.13],
			"rotation": {"angle": 0, "axis": "y", "origin": [8, 8, 8]},
			"faces": {
				"north": {"uv": [12, 0, 12.375, 0.125], "texture": "#texture", "cullface": "north"},
				"east": {"uv": [12, 0, 12.0625, 0.125], "texture": "#texture", "cullface": "north"},
				"south": {"uv": [12, 0, 12.375, 0.125], "texture": "#texture", "cullface": "north"},
				"west": {"uv": [12, 0, 12.0625, 0.125], "texture": "#texture", "cullface": "north"},
				"up": {"uv": [12, 0, 12.375, 0.125], "texture": "#texture", "cullface": "north"},
				"down": {"uv": [12, 0, 12.375, 0.125], "texture": "#texture", "cullface": "north"}
			}
		},
		{
			"from": [1, 6, 5.5],
			"to": [10, 11, 6],
			"rotation": {"angle": 0, "axis": "y", "origin": [8, 8, 8]},
			"faces": {
				"north": {"uv": [0, 0, 2.25, 2.5], "texture": "#texture", "cullface": "north"},
				"east": {"uv": [0, 0, 0.125, 2.5], "texture": "#texture", "cullface": "north"},
				"south": {"uv": [0, 0, 2.25, 2.5], "texture": "#texture", "cullface": "north"},
				"west": {"uv": [0, 0, 0.125, 2.5], "texture": "#texture", "cullface": "north"},
				"up": {"uv": [0, 0, 2.25, 0.25], "texture": "#texture", "cullface": "north"},
				"down": {"uv": [0, 0, 2.25, 0.25], "texture": "#texture", "cullface": "north"}
			}
		},
		{
			"from": [8.5, 11, 5.5],
			"to": [10, 11.5, 10.5],
			"rotation": {"angle": 0, "axis": "y", "origin": [8, 8, 8]},
			"faces": {
				"north": {"uv": [0, 0, 0.375, 0.25], "texture": "#texture", "cullface": "north"},
				"east": {"uv": [0, 0, 1.25, 0.25], "texture": "#texture", "cullface": "north"},
				"south": {"uv": [0, 0, 0.375, 0.25], "texture": "#texture", "cullface": "north"},
				"west": {"uv": [0, 0, 1.25, 0.25], "texture": "#texture", "cullface": "north"},
				"up": {"uv": [0, 0, 0.375, 2.5], "texture": "#texture", "cullface": "north"},
				"down": {"uv": [0, 0, 0.375, 2.5], "texture": "#texture", "cullface": "north"}
			}
		},
		{
			"from": [7.5, 11, 5.5],
			"to": [8.5, 11.5, 7.5],
			"rotation": {"angle": 0, "axis": "y", "origin": [8, 8, 8]},
			"faces": {
				"north": {"uv": [0, 0, 0.25, 0.25], "texture": "#texture", "cullface": "north"},
				"east": {"uv": [0, 0, 0.5, 0.25], "texture": "#texture", "cullface": "north"},
				"south": {"uv": [0, 0, 0.25, 0.25], "texture": "#texture", "cullface": "north"},
				"west": {"uv": [0, 0, 0.5, 0.25], "texture": "#texture", "cullface": "north"},
				"up": {"uv": [0, 0, 0.25, 1], "texture": "#texture", "cullface": "north"},
				"down": {"uv": [0, 0, 0.25, 1], "texture": "#texture", "cullface": "north"}
			}
		},
		{
			"from": [1, 11, 5.5],
			"to": [7.5, 11.5, 7.9],
			"rotation": {"angle": 0, "axis": "y", "origin": [8, 8, 8]},
			"faces": {
				"north": {"uv": [0, 0, 0.125, 3.25], "rotation": 270, "texture": "#texture", "cullface": "up"},
				"east": {"uv": [0, 0, 0.125, 1.2], "rotation": 270, "texture": "#texture", "cullface": "up"},
				"south": {"uv": [0, 0, 0.125, 3.25], "rotation": 270, "texture": "#texture", "cullface": "up"},
				"west": {"uv": [0, 0, 0.125, 1.2], "rotation": 270, "texture": "#texture", "cullface": "up"},
				"up": {"uv": [0, 0, 0.6, 3.25], "rotation": 270, "texture": "#texture", "cullface": "up"},
				"down": {"uv": [0, 0, 0.6, 3.25], "rotation": 270, "texture": "#texture", "cullface": "up"}
			}
		},
		{
			"from": [1, 11, 8.1],
			"to": [7.5, 11.5, 10.5],
			"rotation": {"angle": 0, "axis": "y", "origin": [8, 8, 8.1]},
			"faces": {
				"north": {"uv": [0, 0, 1.625, 0.25], "texture": "#texture", "cullface": "north"},
				"east": {"uv": [0, 0, 0.6, 0.25], "texture": "#texture", "cullface": "north"},
				"south": {"uv": [0, 0, 1.625, 0.25], "texture": "#texture", "cullface": "north"},
				"west": {"uv": [0, 0, 0.6, 0.25], "texture": "#texture", "cullface": "north"},
				"up": {"uv": [0, 0, 1.625, 1.2], "texture": "#texture", "cullface": "north"},
				"down": {"uv": [0, 0, 1.625, 1.2], "texture": "#texture", "cullface": "north"}
			}
		},
		{
			"from": [7.5, 11, 8.5],
			"to": [8.5, 11.5, 10.5],
			"rotation": {"angle": 0, "axis": "y", "origin": [8, 8, 8]},
			"faces": {
				"north": {"uv": [0, 0, 0.25, 0.25], "texture": "#texture", "cullface": "north"},
				"east": {"uv": [0, 0, 0.5, 0.25], "texture": "#texture", "cullface": "north"},
				"south": {"uv": [0, 0, 0.25, 0.25], "texture": "#texture", "cullface": "north"},
				"west": {"uv": [0, 0, 0.5, 0.25], "texture": "#texture", "cullface": "north"},
				"up": {"uv": [0, 0, 0.25, 1], "texture": "#texture", "cullface": "north"},
				"down": {"uv": [0, 0, 0.25, 1], "texture": "#texture", "cullface": "north"}
			}
		},
		{
			"from": [9, 6, 5],
			"to": [10, 7, 5.5],
			"rotation": {"angle": 0, "axis": "y", "origin": [8, 8, 8]},
			"faces": {
				"north": {"uv": [0, 0, 0.25, 0.5], "texture": "#texture", "cullface": "north"},
				"east": {"uv": [0, 0, 0.125, 0.5], "texture": "#texture", "cullface": "north"},
				"south": {"uv": [0, 0, 0.25, 0.5], "texture": "#texture", "cullface": "north"},
				"west": {"uv": [0, 0, 0.125, 0.5], "texture": "#texture", "cullface": "north"},
				"up": {"uv": [0, 0, 0.25, 0.25], "texture": "#texture", "cullface": "north"},
				"down": {"uv": [0, 0, 0.25, 0.25], "texture": "#texture", "cullface": "north"}
			}
		},
		{
			"from": [9.5, 11.125, 8.75],
			"to": [10.5, 12, 9.75],
			"rotation": {"angle": 0, "axis": "y", "origin": [8, 8, 8]},
			"faces": {
				"north": {"uv": [0, 0, 0.25, 0.4375], "texture": "#texture", "cullface": "north"},
				"east": {"uv": [0, 0, 0.25, 0.4375], "texture": "#texture", "cullface": "north"},
				"south": {"uv": [0, 0, 0.25, 0.4375], "texture": "#texture", "cullface": "north"},
				"west": {"uv": [0, 0, 0.25, 0.4375], "texture": "#texture", "cullface": "north"},
				"up": {"uv": [0, 0, 0.25, 0.5], "texture": "#texture", "cullface": "north"},
				"down": {"uv": [0, 0, 0.25, 0.5], "texture": "#texture", "cullface": "north"}
			}
		},
		{
			"from": [1, 6, 10],
			"to": [10, 11, 10.5],
			"rotation": {"angle": 0, "axis": "y", "origin": [8, 8, 8]},
			"faces": {
				"north": {"uv": [0, 0, 2.25, 2.5], "texture": "#texture", "cullface": "north"},
				"east": {"uv": [0, 0, 0.125, 2.5], "texture": "#texture", "cullface": "north"},
				"south": {"uv": [0, 0, 2.25, 2.5], "texture": "#texture", "cullface": "north"},
				"west": {"uv": [0, 0, 0.125, 2.5], "texture": "#texture", "cullface": "north"},
				"up": {"uv": [0, 0, 2.25, 0.25], "texture": "#texture", "cullface": "north"},
				"down": {"uv": [0, 0, 2.25, 0.25], "texture": "#texture", "cullface": "north"}
			}
		},
		{
			"from": [9, 6, 10.5],
			"to": [10, 7, 11],
			"rotation": {"angle": 0, "axis": "y", "origin": [8, 8, 8]},
			"faces": {
				"north": {"uv": [0, 0, 0.25, 0.5], "texture": "#texture", "cullface": "north"},
				"east": {"uv": [0, 0, 0.125, 0.5], "texture": "#texture", "cullface": "north"},
				"south": {"uv": [0, 0, 0.25, 0.5], "texture": "#texture", "cullface": "north"},
				"west": {"uv": [0, 0, 0.125, 0.5], "texture": "#texture", "cullface": "north"},
				"up": {"uv": [0, 0, 0.25, 0.25], "texture": "#texture", "cullface": "north"},
				"down": {"uv": [0, 0, 0.25, 0.25], "texture": "#texture", "cullface": "north"}
			}
		},
		{
			"from": [7.5, 10, 6],
			"to": [10, 11, 10],
			"rotation": {"angle": 0, "axis": "y", "origin": [8, 8, 8]},
			"faces": {
				"north": {"uv": [0, 0, 0.625, 0.5], "texture": "#texture", "cullface": "north"},
				"east": {"uv": [0, 0, 1, 0.5], "texture": "#texture", "cullface": "north"},
				"south": {"uv": [0, 0, 0.625, 0.5], "texture": "#texture", "cullface": "north"},
				"west": {"uv": [0, 0, 1, 0.5], "texture": "#texture", "cullface": "north"},
				"up": {"uv": [0, 0, 0.625, 2], "texture": "#texture", "cullface": "north"},
				"down": {"uv": [0, 0, 0.625, 2], "texture": "#texture", "cullface": "north"}
			}
		},
		{
			"from": [1.01, 10.95, 7.88],
			"to": [7.51, 11.45, 8.13],
			"rotation": {"angle": 0, "axis": "y", "origin": [8, 8, 8]},
			"faces": {
				"north": {"uv": [12, 0, 13.625, 0.25], "texture": "#texture", "cullface": "north"},
				"east": {"uv": [12, 0, 12.0625, 0.25], "texture": "#texture", "cullface": "north"},
				"south": {"uv": [12, 0, 13.625, 0.25], "texture": "#texture", "cullface": "north"},
				"west": {"uv": [12, 0, 12.0625, 0.25], "texture": "#texture", "cullface": "north"},
				"up": {"uv": [12, 0, 13.625, 0.125], "texture": "#texture", "cullface": "north"},
				"down": {"uv": [12, 0, 13.625, 0.125], "texture": "#texture", "cullface": "north"}
			}
		},
		{
			"from": [7.5, 11.25, 7.5],
			"to": [8.5, 11.55, 8.5],
			"shade": false,
			"rotation": {"angle": 0, "axis": "y", "origin": [8, 8, 8]},
			"faces": {
				"north": {"uv": [12, 0, 12.25, 0.15], "texture": "#texture", "cullface": "north"},
				"east": {"uv": [12, 0, 12.25, 0.15], "texture": "#texture", "cullface": "north"},
				"south": {"uv": [12, 0, 12.25, 0.15], "texture": "#texture", "cullface": "north"},
				"west": {"uv": [12, 0, 12.25, 0.15], "texture": "#texture", "cullface": "north"},
				"up": {"uv": [12, 0, 12.25, 0.5], "texture": "#texture", "cullface": "north"},
				"down": {"uv": [12, 0, 12.25, 0.5], "texture": "#texture", "cullface": "north"}
			}
		},
		{
			"from": [7.75, 11.1, 7.75],
			"to": [8.25, 11.6, 8.25],
			"shade": false,
			"rotation": {"angle": 0, "axis": "y", "origin": [8, 8, 8]},
			"faces": {
				"north": {"uv": [4, 0, 4.125, 0.25], "texture": "#texture", "cullface": "north"},
				"east": {"uv": [4, 0, 4.125, 0.25], "texture": "#texture", "cullface": "north"},
				"south": {"uv": [4, 0, 4.125, 0.25], "texture": "#texture", "cullface": "north"},
				"west": {"uv": [4, 0, 4.125, 0.25], "texture": "#texture", "cullface": "north"},
				"up": {"uv": [4, 0, 4.125, 0.25], "texture": "#texture", "cullface": "north"},
				"down": {"uv": [4, 0, 4.125, 0.25], "texture": "#texture", "cullface": "north"}
			}
		},
		{
			"from": [18, 7.5, 7],
			"to": [20, 8, 9],
			"rotation": {"angle": 0, "axis": "y", "origin": [8, 8, 8]},
			"faces": {
				"north": {"uv": [12, 0, 12.5, 0.25], "texture": "#texture", "cullface": "north"},
				"east": {"uv": [12, 0, 12.5, 0.25], "texture": "#texture", "cullface": "north"},
				"south": {"uv": [12, 0, 12.5, 0.25], "texture": "#texture", "cullface": "north"},
				"west": {"uv": [12, 0, 12.5, 0.25], "texture": "#texture", "cullface": "north"},
				"up": {"uv": [12, 0, 12.5, 1], "texture": "#texture", "cullface": "north"},
				"down": {"uv": [12, 0, 12.5, 1], "texture": "#texture", "cullface": "north"}
			}
		},
		{
			"from": [15, 6, 5.5],
			"to": [19, 9, 10.5],
			"rotation": {"angle": 0, "axis": "y", "origin": [8, 8, 8]},
			"faces": {
				"north": {"uv": [0, 0, 1, 1.5], "texture": "#texture", "cullface": "north"},
				"east": {"uv": [0, 0, 1.25, 1.5], "texture": "#texture", "cullface": "north"},
				"south": {"uv": [0, 0, 1, 1.5], "texture": "#texture", "cullface": "north"},
				"west": {"uv": [0, 0, 1.25, 1.5], "texture": "#texture", "cullface": "north"},
				"up": {"uv": [0, 0, 1, 2.5], "texture": "#texture", "cullface": "north"},
				"down": {"uv": [0, 0, 1, 2.5], "texture": "#texture", "cullface": "north"}
			}
		},
		{
			"from": [15.5, 9, 6],
			"to": [18, 11, 10],
			"rotation": {"angle": 0, "axis": "y", "origin": [8, 8, 8]},
			"faces": {
				"north": {"uv": [12, 0, 12.625, 1], "texture": "#texture", "cullface": "north"},
				"east": {"uv": [12, 0, 13, 1], "texture": "#texture", "cullface": "north"},
				"south": {"uv": [12, 0, 12.625, 1], "texture": "#texture", "cullface": "north"},
				"west": {"uv": [12, 0, 13, 1], "texture": "#texture", "cullface": "north"},
				"up": {"uv": [12, 0, 12.625, 2], "texture": "#texture", "cullface": "north"},
				"down": {"uv": [12, 0, 12.625, 2], "texture": "#texture", "cullface": "north"}
			}
		},
		{
			"from": [18, 7.5, 6.5],
			"to": [20, 10.5, 7],
			"rotation": {"angle": 0, "axis": "y", "origin": [8, 8, 8]},
			"faces": {
				"north": {"uv": [12, 0, 12.5, 1.5], "texture": "#texture", "cullface": "east"},
				"east": {"uv": [12, 0, 12.125, 1.5], "texture": "#texture", "cullface": "east"},
				"south": {"uv": [12, 0, 12.5, 1.5], "texture": "#texture", "cullface": "east"},
				"west": {"uv": [12, 0, 12.125, 1.5], "texture": "#texture", "cullface": "east"},
				"up": {"uv": [12, 0, 12.5, 0.25], "texture": "#texture", "cullface": "east"},
				"down": {"uv": [12, 0, 12.5, 0.25], "texture": "#texture", "cullface": "east"}
			}
		},
		{
			"from": [18, 10, 7.4375],
			"to": [19, 13.5, 8.4375],
			"shade": false,
			"rotation": {"angle": -45, "axis": "z", "origin": [18, 13.5, 7.4375]},
			"faces": {
				"north": {"uv": [12, 0, 12.25, 1.75], "texture": "#texture", "cullface": "north"},
				"east": {"uv": [12, 0, 12.25, 1.75], "texture": "#texture", "cullface": "north"},
				"south": {"uv": [12, 0, 12.25, 1.75], "texture": "#texture", "cullface": "north"},
				"west": {"uv": [12, 0, 12.25, 1.75], "texture": "#texture", "cullface": "north"},
				"up": {"uv": [12, 0, 12.25, 0.5], "texture": "#texture", "cullface": "north"},
				"down": {"uv": [12, 0, 12.25, 0.5], "texture": "#texture", "cullface": "north"}
			}
		},
		{
			"from": [18, 12.5, 7.4375],
			"to": [21, 13.5, 8.4375],
			"shade": false,
			"rotation": {"angle": 0, "axis": "y", "origin": [8, 8, 7.9375]},
			"faces": {
				"north": {"uv": [12, 0, 12.75, 0.5], "texture": "#texture", "cullface": "north"},
				"east": {"uv": [12, 0, 12.25, 0.5], "texture": "#texture", "cullface": "north"},
				"south": {"uv": [12, 0, 12.75, 0.5], "texture": "#texture", "cullface": "north"},
				"west": {"uv": [12, 0, 12.25, 0.5], "texture": "#texture", "cullface": "north"},
				"up": {"uv": [12, 0, 12.75, 0.5], "texture": "#texture", "cullface": "north"},
				"down": {"uv": [12, 0, 12.75, 0.5], "texture": "#texture", "cullface": "north"}
			}
		},
		{
			"from": [20.29289, 10.29289, 7.4375],
			"to": [21.29289, 12.79289, 8.4375],
			"rotation": {"angle": 45, "axis": "z", "origin": [20.29289, 12.79289, 7.4375]},
			"faces": {
				"north": {"uv": [12, 0, 12.25, 1.25], "texture": "#texture", "cullface": "north"},
				"east": {"uv": [12, 0, 12.25, 1.25], "texture": "#texture", "cullface": "north"},
				"south": {"uv": [12, 0, 12.25, 1.25], "texture": "#texture", "cullface": "north"},
				"west": {"uv": [12, 0, 12.25, 1.25], "texture": "#texture", "cullface": "north"},
				"up": {"uv": [12, 0, 12.25, 0.5], "texture": "#texture", "cullface": "north"},
				"down": {"uv": [12, 0, 12.25, 0.5], "texture": "#texture", "cullface": "north"}
			}
		},
		{
			"from": [15.5, 6.5, 9.5],
			"to": [20, 7.5, 10.5],
			"rotation": {"angle": -22.5, "axis": "y", "origin": [15.5, 6.5, 9.5]},
			"faces": {
				"north": {"uv": [12, 0, 13.125, 0.5], "texture": "#texture", "cullface": "north"},
				"east": {"uv": [12, 0, 12.25, 0.5], "texture": "#texture", "cullface": "north"},
				"south": {"uv": [12, 0, 13.125, 0.5], "texture": "#texture", "cullface": "north"},
				"west": {"uv": [12, 0, 12.25, 0.5], "texture": "#texture", "cullface": "north"},
				"up": {"uv": [12, 0, 13.125, 0.5], "texture": "#texture", "cullface": "north"},
				"down": {"uv": [12, 0, 13.125, 0.5], "texture": "#texture", "cullface": "north"}
			}
		},
		{
			"from": [19.27477, 6.5, 11.14595],
			"to": [21.77477, 7.5, 12.14595],
			"rotation": {"angle": 0, "axis": "y", "origin": [8.14977, 8, 7.95845]},
			"faces": {
				"north": {"uv": [12, 0, 12.625, 0.5], "texture": "#texture", "cullface": "south"},
				"east": {"uv": [12, 0, 12.25, 0.5], "texture": "#texture", "cullface": "south"},
				"south": {"uv": [12, 0, 12.625, 0.5], "texture": "#texture", "cullface": "south"},
				"west": {"uv": [12, 0, 12.25, 0.5], "texture": "#texture", "cullface": "south"},
				"up": {"uv": [12, 0, 12.625, 0.5], "texture": "#texture", "cullface": "south"},
				"down": {"uv": [12, 0, 12.625, 0.5], "texture": "#texture", "cullface": "south"}
			}
		},
		{
			"from": [21.39209, 6.5, 11.22208],
			"to": [23.39209, 7.5, 12.22208],
			"rotation": {"angle": 22.5, "axis": "y", "origin": [21.39209, 6.5, 11.22208]},
			"faces": {
				"north": {"uv": [12, 0, 12.5, 0.5], "texture": "#texture", "cullface": "north"},
				"east": {"uv": [12, 0, 12.25, 0.5], "texture": "#texture", "cullface": "north"},
				"south": {"uv": [12, 0, 12.5, 0.5], "texture": "#texture", "cullface": "north"},
				"west": {"uv": [12, 0, 12.25, 0.5], "texture": "#texture", "cullface": "north"},
				"up": {"uv": [12, 0, 12.5, 0.5], "texture": "#texture", "cullface": "north"},
				"down": {"uv": [12, 0, 12.5, 0.5], "texture": "#texture", "cullface": "north"}
			}
		},
		{
			"from": [15.0625, 6.5, 5.5],
			"to": [19.5625, 7.5, 6.5],
			"rotation": {"angle": 22.5, "axis": "y", "origin": [15.0625, 6.5, 5.5]},
			"faces": {
				"north": {"uv": [12, 0, 13.125, 0.5], "texture": "#texture", "cullface": "north"},
				"east": {"uv": [12, 0, 12.25, 0.5], "texture": "#texture", "cullface": "north"},
				"south": {"uv": [12, 0, 13.125, 0.5], "texture": "#texture", "cullface": "north"},
				"west": {"uv": [12, 0, 12.25, 0.5], "texture": "#texture", "cullface": "north"},
				"up": {"uv": [12, 0, 13.125, 0.5], "texture": "#texture", "cullface": "north"},
				"down": {"uv": [12, 0, 13.125, 0.5], "texture": "#texture", "cullface": "north"}
			}
		},
		{
			"from": [19.21996, 6.5, 3.77792],
			"to": [21.21996, 7.5, 4.77792],
			"rotation": {"angle": 0, "axis": "y", "origin": [8.09496, 8, 8.09042]},
			"faces": {
				"north": {"uv": [12, 0, 12.5, 0.5], "texture": "#texture", "cullface": "north"},
				"east": {"uv": [12, 0, 12.25, 0.5], "texture": "#texture", "cullface": "north"},
				"south": {"uv": [12, 0, 12.5, 0.5], "texture": "#texture", "cullface": "north"},
				"west": {"uv": [12, 0, 12.25, 0.5], "texture": "#texture", "cullface": "north"},
				"up": {"uv": [12, 0, 12.5, 0.5], "texture": "#texture", "cullface": "north"},
				"down": {"uv": [12, 0, 12.5, 0.5], "texture": "#texture", "cullface": "north"}
			}
		},
		{
			"from": [21.21996, 6.5, 3.77792],
			"to": [23.21996, 7.5, 4.77792],
			"rotation": {"angle": -22.5, "axis": "y", "origin": [21.21996, 6.5, 3.77792]},
			"faces": {
				"north": {"uv": [12, 0, 12.5, 0.5], "texture": "#texture", "cullface": "north"},
				"east": {"uv": [12, 0, 12.25, 0.5], "texture": "#texture", "cullface": "north"},
				"south": {"uv": [12, 0, 12.5, 0.5], "texture": "#texture", "cullface": "north"},
				"west": {"uv": [12, 0, 12.25, 0.5], "texture": "#texture", "cullface": "north"},
				"up": {"uv": [12, 0, 12.5, 0.5], "texture": "#texture", "cullface": "north"},
				"down": {"uv": [12, 0, 12.5, 0.5], "texture": "#texture", "cullface": "north"}
			}
		},
		{
			"from": [12.25, 6.125, 10.625],
			"to": [14.375, 6.5, 10.875],
			"rotation": {"angle": -22.5, "axis": "y", "origin": [12.25, 6.125, 10.625]},
			"faces": {
				"north": {"uv": [12, 0, 12.53125, 0.1875], "texture": "#texture", "cullface": "south"},
				"east": {"uv": [12, 0, 12.0625, 0.1875], "texture": "#texture", "cullface": "south"},
				"south": {"uv": [12, 0, 12.53125, 0.1875], "texture": "#texture", "cullface": "south"},
				"west": {"uv": [12, 0, 12.0625, 0.1875], "texture": "#texture", "cullface": "south"},
				"up": {"uv": [12, 0, 12.53125, 0.125], "texture": "#texture", "cullface": "south"},
				"down": {"uv": [12, 0, 12.53125, 0.125], "texture": "#texture", "cullface": "south"}
			}
		},
		{
			"from": [15.3341, 6.125, 11.4482],
			"to": [17.7716, 6.5, 11.7607],
			"rotation": {"angle": 45, "axis": "y", "origin": [15.3341, 6.125, 11.4482]},
			"faces": {
				"north": {"uv": [12, 0, 12.60938, 0.1875], "texture": "#texture", "cullface": "up"},
				"east": {"uv": [12, 0, 12.07813, 0.1875], "texture": "#texture", "cullface": "up"},
				"south": {"uv": [12, 0, 12.60938, 0.1875], "texture": "#texture", "cullface": "up"},
				"west": {"uv": [12, 0, 12.07813, 0.1875], "texture": "#texture", "cullface": "up"},
				"up": {"uv": [12, 0, 12.60938, 0.15625], "texture": "#texture", "cullface": "up"},
				"down": {"uv": [12, 0, 12.60938, 0.15625], "texture": "#texture", "cullface": "up"}
			}
		},
		{
			"from": [14.11757, 6.125, 11.35667],
			"to": [15.55507, 6.5, 11.66917],
			"rotation": {"angle": 0, "axis": "y", "origin": [8.18007, 8, 7.91917]},
			"faces": {
				"north": {"uv": [12, 0, 12.35938, 0.1875], "texture": "#texture", "cullface": "north"},
				"east": {"uv": [12, 0, 12.07813, 0.1875], "texture": "#texture", "cullface": "north"},
				"south": {"uv": [12, 0, 12.35938, 0.1875], "texture": "#texture", "cullface": "north"},
				"west": {"uv": [12, 0, 12.07813, 0.1875], "texture": "#texture", "cullface": "north"},
				"up": {"uv": [12, 0, 12.35938, 0.15625], "texture": "#texture", "cullface": "north"},
				"down": {"uv": [12, 0, 12.35938, 0.15625], "texture": "#texture", "cullface": "north"}
			}
		},
		{
			"from": [9.625, 6.125, 5.1875],
			"to": [12.25, 6.5, 5.4375],
			"rotation": {"angle": 0, "axis": "y", "origin": [8, 8, 8]},
			"faces": {
				"north": {"uv": [12, 0, 12.65625, 0.1875], "texture": "#texture", "cullface": "north"},
				"east": {"uv": [12, 0, 12.0625, 0.1875], "texture": "#texture", "cullface": "north"},
				"south": {"uv": [12, 0, 12.65625, 0.1875], "texture": "#texture", "cullface": "north"},
				"west": {"uv": [12, 0, 12.0625, 0.1875], "texture": "#texture", "cullface": "north"},
				"up": {"uv": [12, 0, 12.65625, 0.125], "texture": "#texture", "cullface": "north"},
				"down": {"uv": [12, 0, 12.65625, 0.125], "texture": "#texture", "cullface": "north"}
			}
		},
		{
			"from": [9.625, 6.125, 10.625],
			"to": [12.25, 6.5, 10.875],
			"rotation": {"angle": 0, "axis": "y", "origin": [8, 8, 8]},
			"faces": {
				"north": {"uv": [12, 0, 12.65625, 0.1875], "texture": "#texture", "cullface": "north"},
				"east": {"uv": [12, 0, 12.0625, 0.1875], "texture": "#texture", "cullface": "north"},
				"south": {"uv": [12, 0, 12.65625, 0.1875], "texture": "#texture", "cullface": "north"},
				"west": {"uv": [12, 0, 12.0625, 0.1875], "texture": "#texture", "cullface": "north"},
				"up": {"uv": [12, 0, 12.65625, 0.125], "texture": "#texture", "cullface": "north"},
				"down": {"uv": [12, 0, 12.65625, 0.125], "texture": "#texture", "cullface": "north"}
			}
		},
		{
			"from": [12.15433, 6.125, 5.20653],
			"to": [14.27933, 6.5, 5.45653],
			"rotation": {"angle": 22.5, "axis": "y", "origin": [12.15433, 6.125, 5.20653]},
			"faces": {
				"north": {"uv": [12, 0, 12.53125, 0.1875], "texture": "#texture", "cullface": "north"},
				"east": {"uv": [12, 0, 12.0625, 0.1875], "texture": "#texture", "cullface": "north"},
				"south": {"uv": [12, 0, 12.53125, 0.1875], "texture": "#texture", "cullface": "north"},
				"west": {"uv": [12, 0, 12.0625, 0.1875], "texture": "#texture", "cullface": "north"},
				"up": {"uv": [12, 0, 12.53125, 0.125], "texture": "#texture", "cullface": "north"},
				"down": {"uv": [12, 0, 12.53125, 0.125], "texture": "#texture", "cullface": "north"}
			}
		},
		{
			"from": [14.11757, 6.125, 4.39333],
			"to": [15.55507, 6.5, 4.64333],
			"rotation": {"angle": 0, "axis": "y", "origin": [8.11757, 8, 7.89333]},
			"faces": {
				"north": {"uv": [12, 0, 12.35938, 0.1875], "texture": "#texture", "cullface": "north"},
				"east": {"uv": [12, 0, 12.0625, 0.1875], "texture": "#texture", "cullface": "north"},
				"south": {"uv": [12, 0, 12.35938, 0.1875], "texture": "#texture", "cullface": "north"},
				"west": {"uv": [12, 0, 12.0625, 0.1875], "texture": "#texture", "cullface": "north"},
				"up": {"uv": [12, 0, 12.35938, 0.125], "texture": "#texture", "cullface": "north"},
				"down": {"uv": [12, 0, 12.35938, 0.125], "texture": "#texture", "cullface": "north"}
			}
		},
		{
			"from": [15.55507, 6.125, 4.39333],
			"to": [17.99257, 6.5, 4.70583],
			"rotation": {"angle": -45, "axis": "y", "origin": [15.55507, 6.125, 4.39333]},
			"faces": {
				"north": {"uv": [12, 0, 12.60938, 0.1875], "texture": "#texture", "cullface": "north"},
				"east": {"uv": [12, 0, 12.07813, 0.1875], "texture": "#texture", "cullface": "north"},
				"south": {"uv": [12, 0, 12.60938, 0.1875], "texture": "#texture", "cullface": "north"},
				"west": {"uv": [12, 0, 12.07813, 0.1875], "texture": "#texture", "cullface": "north"},
				"up": {"uv": [12, 0, 12.60938, 0.15625], "texture": "#texture", "cullface": "north"},
				"down": {"uv": [12, 0, 12.60938, 0.15625], "texture": "#texture", "cullface": "north"}
			}
		},
		{
			"from": [10.4375, 11.4375, 9.125],
			"to": [11.6875, 11.8125, 9.375],
			"rotation": {"angle": 0, "axis": "y", "origin": [11.5625, 11.625, 8]},
			"faces": {
				"north": {"uv": [12, 0, 12.5625, 0.1875], "texture": "#texture", "cullface": "north"},
				"east": {"uv": [12, 0, 12.0625, 0.1875], "texture": "#texture", "cullface": "north"},
				"south": {"uv": [12, 0, 12.5625, 0.1875], "texture": "#texture", "cullface": "north"},
				"west": {"uv": [12, 0, 12.0625, 0.1875], "texture": "#texture", "cullface": "north"},
				"up": {"uv": [12, 0, 12.5625, 0.125], "texture": "#texture", "cullface": "north"},
				"down": {"uv": [12, 0, 12.5625, 0.125], "texture": "#texture", "cullface": "north"}
			}
		},
		{
			"from": [11.55403, 11.4375, 8.704],
			"to": [12.30403, 11.8125, 8.954],
			"rotation": {"angle": 22.5, "axis": "y", "origin": [12.67903, 11.625, 8.829]},
			"faces": {
				"north": {"uv": [12, 0, 12.5625, 0.1875], "texture": "#texture", "cullface": "north"},
				"east": {"uv": [12, 0, 12.0625, 0.1875], "texture": "#texture", "cullface": "north"},
				"south": {"uv": [12, 0, 12.5625, 0.1875], "texture": "#texture", "cullface": "north"},
				"west": {"uv": [12, 0, 12.0625, 0.1875], "texture": "#texture", "cullface": "north"},
				"up": {"uv": [12, 0, 12.5625, 0.125], "texture": "#texture", "cullface": "north"},
				"down": {"uv": [12, 0, 12.5625, 0.125], "texture": "#texture", "cullface": "north"}
			}
		},
		{
			"from": [12.59066, 11.35041, 8.83799],
			"to": [12.96566, 12.85041, 9.08799],
			"rotation": {"angle": -45, "axis": "z", "origin": [12.77816, 12.10041, 8.96299]},
			"faces": {
				"north": {"uv": [12, 0, 12.375, 0.1875], "rotation": 90, "texture": "#texture", "cullface": "north"},
				"east": {"uv": [12, 0, 12.375, 0.125], "rotation": 270, "texture": "#texture", "cullface": "north"},
				"south": {"uv": [12, 0, 12.375, 0.1875], "rotation": 270, "texture": "#texture", "cullface": "north"},
				"west": {"uv": [12, 0, 12.375, 0.125], "rotation": 270, "texture": "#texture", "cullface": "north"},
				"up": {"uv": [12, 0, 12.0625, 0.1875], "rotation": 270, "texture": "#texture", "cullface": "north"},
				"down": {"uv": [12, 0, 12.0625, 0.1875], "rotation": 270, "texture": "#texture", "cullface": "north"}
			}
		},
		{
			"from": [13.0908, 12.38833, 7.84671],
			"to": [13.3408, 12.76333, 9.09671],
			"rotation": {"angle": -22.5, "axis": "y", "origin": [13.2158, 12.57583, 8.84671]},
			"faces": {
				"north": {"uv": [12, 0, 12.0625, 0.1875], "texture": "#texture", "cullface": "north"},
				"east": {"uv": [12, 0, 12.375, 0.1875], "texture": "#texture", "cullface": "north"},
				"south": {"uv": [12, 0, 12.0625, 0.1875], "texture": "#texture", "cullface": "north"},
				"west": {"uv": [12, 0, 12.375, 0.1875], "texture": "#texture", "cullface": "north"},
				"up": {"uv": [12, 0, 12.375, 0.125], "rotation": 270, "texture": "#texture", "cullface": "north"},
				"down": {"uv": [12, 0, 12.375, 0.125], "rotation": 90, "texture": "#texture", "cullface": "north"}
			}
		},
		{
			"from": [15.00574, 11.91291, 7.875],
			"to": [16.50574, 12.28791, 8.125],
			"rotation": {"angle": -45, "axis": "z", "origin": [15.75574, 12.10041, 8]},
			"faces": {
				"north": {"uv": [12, 0, 12.375, 0.1875], "texture": "#texture", "cullface": "north"},
				"east": {"uv": [12, 0, 12.0625, 0.1875], "texture": "#texture", "cullface": "north"},
				"south": {"uv": [12, 0, 12.375, 0.1875], "texture": "#texture", "cullface": "north"},
				"west": {"uv": [12, 0, 12.0625, 0.1875], "texture": "#texture", "cullface": "north"},
				"up": {"uv": [12, 0, 12.375, 0.125], "texture": "#texture", "cullface": "north"},
				"down": {"uv": [12, 0, 12.375, 0.125], "texture": "#texture", "cullface": "north"}
			}
		},
		{
			"from": [13.483, 12.32583, 7.875],
			"to": [15.358, 12.76333, 8.125],
			"rotation": {"angle": 0, "axis": "y", "origin": [14.4205, 12.54458, 8]},
			"faces": {
				"north": {"uv": [12, 0, 12.46875, 0.21875], "texture": "#texture", "cullface": "up"},
				"east": {"uv": [12, 0, 12.0625, 0.21875], "texture": "#texture", "cullface": "up"},
				"south": {"uv": [12, 0, 12.46875, 0.21875], "texture": "#texture", "cullface": "up"},
				"west": {"uv": [12, 0, 12.0625, 0.21875], "texture": "#texture", "cullface": "up"},
				"up": {"uv": [12, 0, 12.46875, 0.125], "texture": "#texture", "cullface": "up"},
				"down": {"uv": [12, 0, 12.46875, 0.125], "texture": "#texture", "cullface": "up"}
			}
		},
		{
			"from": [18, 7.5, 9],
			"to": [20, 10.5, 9.5],
			"rotation": {"angle": 0, "axis": "y", "origin": [8, 8, 8]},
			"faces": {
				"north": {"uv": [12, 0, 12.5, 1.5], "texture": "#texture", "cullface": "north"},
				"east": {"uv": [12, 0, 12.125, 1.5], "texture": "#texture", "cullface": "north"},
				"south": {"uv": [12, 0, 12.5, 1.5], "texture": "#texture", "cullface": "north"},
				"west": {"uv": [12, 0, 12.125, 1.5], "texture": "#texture", "cullface": "north"},
				"up": {"uv": [12, 0, 12.5, 0.25], "texture": "#texture", "cullface": "north"},
				"down": {"uv": [12, 0, 12.5, 0.25], "texture": "#texture", "cullface": "north"}
			}
		},
		{
			"from": [18, 10, 7],
			"to": [20, 10.5, 9],
			"rotation": {"angle": 0, "axis": "y", "origin": [8, 8, 8]},
			"faces": {
				"north": {"uv": [12, 0, 12.5, 0.25], "texture": "#texture", "cullface": "north"},
				"east": {"uv": [12, 0, 12.5, 0.25], "texture": "#texture", "cullface": "north"},
				"south": {"uv": [12, 0, 12.5, 0.25], "texture": "#texture", "cullface": "north"},
				"west": {"uv": [12, 0, 12.5, 0.25], "texture": "#texture", "cullface": "north"},
				"up": {"uv": [12, 0, 12.5, 1], "texture": "#texture", "cullface": "north"},
				"down": {"uv": [12, 0, 12.5, 1], "texture": "#texture", "cullface": "north"}
			}
		}
	],
	"display": {
		"thirdperson_righthand": {
			"rotation": [-80, 90, 91],
			"translation": [0, -1.5, 0],
			"scale": [0.81, 0.81, 0.81]
		},
		"thirdperson_lefthand": {
			"rotation": [80, -90, 72],
			"translation": [0, -2, 0],
			"scale": [0.81, 0.81, 0.81]
		},
		"firstperson_righthand": {
			"rotation": [0, 100, 0],
			"scale": [0.81, 0.81, 0.81]
		},
		"firstperson_lefthand": {
			"rotation": [0, -100, 0],
			"scale": [0.81, 0.81, 0.81]
		},
		"ground": {
			"translation": [0, -1, 0],
			"scale": [0.81, 0.81, 0.81]
		},
		"gui": {
			"rotation": [25, -55, 0],
			"translation": [-2.25, 0.5, -0.6],
			"scale": [0.81, 0.81, 0.81]
		},
		"head": {
			"rotation": [0, 90, 0],
			"translation": [0, 8.25, 0],
			"scale": [0.81, 0.81, 0.81]
		},
		"fixed": {
			"rotation": [-66, -90, 0],
			"translation": [0, 0, -4.25],
			"scale": [1.5, 1.5, 1.5]
		}
	},
	"groups": [
		{
			"name": "glass",
			"origin": [8, 8, 8],
			"color": 0,
			"children": [0, 1, 2, 3, 4, 5, 6, 7]
		},
		{
			"name": "core",
			"origin": [8, 8, 8],
			"color": 0,
			"children": [8, 9]
		},
		{
			"name": "body",
			"origin": [8, 8, 8],
			"color": 0,
			"children": [10, 11, 12, 13, 14, 15, 16, 17, 18, 19, 20]
		},
		{
			"name": "case",
			"origin": [8, 8, 8],
			"color": 0,
			"children": [21, 22, 23, 24, 25, 26, 27, 28, 29, 30, 31, 32, 33, 34]
		},
		{
			"name": "head",
			"origin": [8, 8, 8],
			"color": 0,
			"children": [35, 36, 37, 38, 39, 40, 41, 42, 43, 44, 45, 46, 47, 48, 49, 50, 51, 52, 53, 54, 55, 56, 57, 58, 59, 60, 61, 62, 63]
		}
	]
}